sequence_id,sequence_type,sequence_key_event,sequence_length,event_position,is_key_event,match_id,home_team,away_team,minute,second,period,timestamp,event_type,player_name,player_position,team_name,possession_team,location_x,location_y,zone_horizontal,zone_vertical,zone_combined,under_pressure,duration,play_pattern,pass_recipient,pass_length,pass_height,pass_outcome,shot_xg,shot_outcome,shot_body_part,dribble_outcome,dribble_nutmeg,carry_end_x,carry_end_y,carry_distance,event_commentary,sequence_commentary
1,carry_sequence,Carry,4,1,False,3943043,Spain,England,0,2,1,00:00:02.870,Ball Receipt*,Jordan Pickford,Goalkeeper,England,England,25.4,38.8,defensive third,central,central defensive third,False,,From Kick Off,,,,,,,,,False,,,,Jordan Pickford receives,[0:02] Jordan Pickford receives. Jordan Pickford carries the ball. Jordan Pickford plays long ball through the air to Bukayo Saka. Bukayo Saka receives.
1,carry_sequence,Carry,4,2,True,3943043,Spain,England,0,2,1,00:00:02.870,Carry,Jordan Pickford,Goalkeeper,England,England,25.4,38.8,defensive third,central,central defensive third,False,1.872089,From Kick Off,,,,,,,,,False,28.7,31.6,7.920227269466448,Jordan Pickford carries the ball,[0:02] Jordan Pickford receives. Jordan Pickford carries the ball. Jordan Pickford plays long ball through the air to Bukayo Saka. Bukayo Saka receives.
1,carry_sequence,Carry,4,3,False,3943043,Spain,England,0,4,1,00:00:04.742,Pass,Jordan Pickford,Goalkeeper,England,England,28.7,31.6,defensive third,central,central defensive third,False,5.137795,From Kick Off,Bukayo Saka,98.1779,High Pass,Out,,,,,False,,,,Jordan Pickford plays long ball through the air to Bukayo Saka,[0:02] Jordan Pickford receives. Jordan Pickford carries the ball. Jordan Pickford plays long ball through the air to Bukayo Saka. Bukayo Saka receives.
1,carry_sequence,Carry,4,4,False,3943043,Spain,England,0,9,1,00:00:09.879,Ball Receipt*,Bukayo Saka,Right Wing,England,England,96.8,56.5,attacking third,left,left attacking third,False,,From Kick Off,,,,,,,,,False,,,,Bukayo Saka receives,[0:02] Jordan Pickford receives. Jordan Pickford carries the ball. Jordan Pickford plays long ball through the air to Bukayo Saka. Bukayo Saka receives.
2,carry_sequence,Carry,4,1,False,3943043,Spain,England,0,35,1,00:00:35.658,Ball Receipt*,Robin Aime Robert Le Normand,Right Center Back,Spain,Spain,9.1,57.2,defensive third,left,left defensive third,False,,From Goal Kick,,,,,,,,,False,,,,Robin Aime Robert Le Normand receives,[0:35] Robin Aime Robert Le Normand receives. Robin Aime Robert Le Normand carries the ball. Robin Aime Robert Le Normand plays medium pass along the ground to Daniel Carvajal Ramos. Daniel Carvajal Ramos receives.
2,carry_sequence,Carry,4,2,True,3943043,Spain,England,0,35,1,00:00:35.658,Carry,Robin Aime Robert Le Normand,Right Center Back,Spain,Spain,9.1,57.2,defensive third,left,left defensive third,False,0.620663,From Goal Kick,,,,,,,,,False,8.9,57.2,0.1999999999999993,Robin Aime Robert Le Normand carries the ball,[0:35] Robin Aime Robert Le Normand receives. Robin Aime Robert Le Normand carries the ball. Robin Aime Robert Le Normand plays medium pass along the ground to Daniel Carvajal Ramos. Daniel Carvajal Ramos receives.
2,carry_sequence,Carry,4,3,False,3943043,Spain,England,0,36,1,00:00:36.279,Pass,Robin Aime Robert Le Normand,Right Center Back,Spain,Spain,8.9,57.2,defensive third,left,left defensive third,False,1.390837,From Goal Kick,Daniel Carvajal Ramos,21.973848,Ground Pass,,,,,,False,,,,Robin Aime Robert Le Normand plays medium pass along the ground to Daniel Carvajal Ramos,[0:35] Robin Aime Robert Le Normand receives. Robin Aime Robert Le Normand carries the ball. Robin Aime Robert Le Normand plays medium pass along the ground to Daniel Carvajal Ramos. Daniel Carvajal Ramos receives.
2,carry_sequence,Carry,4,4,False,3943043,Spain,England,0,37,1,00:00:37.670,Ball Receipt*,Daniel Carvajal Ramos,Right Back,Spain,Spain,20.6,75.8,defensive third,left,left defensive third,False,,From Goal Kick,,,,,,,,,False,,,,Daniel Carvajal Ramos receives,[0:35] Robin Aime Robert Le Normand receives. Robin Aime Robert Le Normand carries the ball. Robin Aime Robert Le Normand plays medium pass along the ground to Daniel Carvajal Ramos. Daniel Carvajal Ramos receives.
3,pressure_sequence,Pressure,5,1,False,3943043,Spain,England,0,37,1,00:00:37.670,Ball Receipt*,Daniel Carvajal Ramos,Right Back,Spain,Spain,20.6,75.8,defensive third,left,left defensive third,False,,From Goal Kick,,,,,,,,,False,,,,Daniel Carvajal Ramos receives,"[0:37] Daniel Carvajal Ramos receives. Daniel Carvajal Ramos under pressure, carries forward. Jude Bellingham presses Daniel Carvajal Ramos. Daniel Carvajal Ramos plays medium pass along the ground to Daniel Olmo Carvajal. Declan Rice presses Daniel Carvajal Ramos."
3,pressure_sequence,Pressure,5,2,False,3943043,Spain,England,0,37,1,00:00:37.670,Carry,Daniel Carvajal Ramos,Right Back,Spain,Spain,20.6,75.8,defensive third,left,left defensive third,True,1.766383,From Goal Kick,,,,,,,,,False,28.6,76.4,8.022468448052633,"Daniel Carvajal Ramos under pressure, carries forward","[0:37] Daniel Carvajal Ramos receives. Daniel Carvajal Ramos under pressure, carries forward. Jude Bellingham presses Daniel Carvajal Ramos. Daniel Carvajal Ramos plays medium pass along the ground to Daniel Olmo Carvajal. Declan Rice presses Daniel Carvajal Ramos."
3,pressure_sequence,Pressure,5,3,True,3943043,Spain,England,0,38,1,00:00:38.876,Pressure,Jude Bellingham,Left Wing,England,Spain,94.7,4.1,attacking third,right,right attacking third,False,0.543418,From Goal Kick,,,,,,,,,False,,,,Jude Bellingham presses Daniel Carvajal Ramos,"[0:37] Daniel Carvajal Ramos receives. Daniel Carvajal Ramos under pressure, carries forward. Jude Bellingham presses Daniel Carvajal Ramos. Daniel Carvajal Ramos plays medium pass along the ground to Daniel Olmo Carvajal. Declan Rice presses Daniel Carvajal Ramos."
3,pressure_sequence,Pressure,5,4,False,3943043,Spain,England,0,39,1,00:00:39.436,Pass,Daniel Carvajal Ramos,Right Back,Spain,Spain,28.6,76.4,defensive third,left,left defensive third,False,1.076726,From Goal Kick,Daniel Olmo Carvajal,22.999348,Ground Pass,,,,,,False,,,,Daniel Carvajal Ramos plays medium pass along the ground to Daniel Olmo Carvajal,"[0:37] Daniel Carvajal Ramos receives. Daniel Carvajal Ramos under pressure, carries forward. Jude Bellingham presses Daniel Carvajal Ramos. Daniel Carvajal Ramos plays medium pass along the ground to Daniel Olmo Carvajal. Declan Rice presses Daniel Carvajal Ramos."
3,pressure_sequence,Pressure,5,5,False,3943043,Spain,England,0,40,1,00:00:40.334,Pressure,Declan Rice,Left Defensive Midfield,England,Spain,69.9,11.6,midfield,right,right midfield,False,0.29247,From Goal Kick,,,,,,,,,False,,,,Declan Rice presses Daniel Carvajal Ramos,"[0:37] Daniel Carvajal Ramos receives. Daniel Carvajal Ramos under pressure, carries forward. Jude Bellingham presses Daniel Carvajal Ramos. Daniel Carvajal Ramos plays medium pass along the ground to Daniel Olmo Carvajal. Declan Rice presses Daniel Carvajal Ramos."
4,pressure_sequence,Pressure,5,1,False,3943043,Spain,England,0,38,1,00:00:38.876,Pressure,Jude Bellingham,Left Wing,England,Spain,94.7,4.1,attacking third,right,right attacking third,False,0.543418,From Goal Kick,,,,,,,,,False,,,,Jude Bellingham presses the ball carrier,"[0:38] Jude Bellingham presses the ball carrier. Daniel Carvajal Ramos plays medium pass along the ground to Daniel Olmo Carvajal. Declan Rice presses Daniel Carvajal Ramos. Daniel Olmo Carvajal receives. Daniel Olmo Carvajal under pressure, carries forward."
4,pressure_sequence,Pressure,5,2,False,3943043,Spain,England,0,39,1,00:00:39.436,Pass,Daniel Carvajal Ramos,Right Back,Spain,Spain,28.6,76.4,defensive third,left,left defensive third,False,1.076726,From Goal Kick,Daniel Olmo Carvajal,22.999348,Ground Pass,,,,,,False,,,,Daniel Carvajal Ramos plays medium pass along the ground to Daniel Olmo Carvajal,"[0:38] Jude Bellingham presses the ball carrier. Daniel Carvajal Ramos plays medium pass along the ground to Daniel Olmo Carvajal. Declan Rice presses Daniel Carvajal Ramos. Daniel Olmo Carvajal receives. Daniel Olmo Carvajal under pressure, carries forward."
4,pressure_sequence,Pressure,5,3,True,3943043,Spain,England,0,40,1,00:00:40.334,Pressure,Declan Rice,Left Defensive Midfield,England,Spain,69.9,11.6,midfield,right,right midfield,False,0.29247,From Goal Kick,,,,,,,,,False,,,,Declan Rice presses Daniel Carvajal Ramos,"[0:38] Jude Bellingham presses the ball carrier. Daniel Carvajal Ramos plays medium pass along the ground to Daniel Olmo Carvajal. Declan Rice presses Daniel Carvajal Ramos. Daniel Olmo Carvajal receives. Daniel Olmo Carvajal under pressure, carries forward."
4,pressure_sequence,Pressure,5,4,False,3943043,Spain,England,0,40,1,00:00:40.513,Ball Receipt*,Daniel Olmo Carvajal,Center Attacking Midfield,Spain,Spain,50.2,68.5,midfield,left,left midfield,True,,From Goal Kick,,,,,,,,,False,,,,Daniel Olmo Carvajal receives,"[0:38] Jude Bellingham presses the ball carrier. Daniel Carvajal Ramos plays medium pass along the ground to Daniel Olmo Carvajal. Declan Rice presses Daniel Carvajal Ramos. Daniel Olmo Carvajal receives. Daniel Olmo Carvajal under pressure, carries forward."
4,pressure_sequence,Pressure,5,5,False,3943043,Spain,England,0,40,1,00:00:40.513,Carry,Daniel Olmo Carvajal,Center Attacking Midfield,Spain,Spain,50.2,68.5,midfield,left,left midfield,True,0.132449,From Goal Kick,,,,,,,,,False,49.3,68.9,0.984885780179618,"Daniel Olmo Carvajal under pressure, carries forward","[0:38] Jude Bellingham presses the ball carrier. Daniel Carvajal Ramos plays medium pass along the ground to Daniel Olmo Carvajal. Declan Rice presses Daniel Carvajal Ramos. Daniel Olmo Carvajal receives. Daniel Olmo Carvajal under pressure, carries forward."
5,dribble_sequence,Dribble,5,1,False,3943043,Spain,England,1,38,1,00:01:38.008,Ball Receipt*,Luke Shaw,Left Back,England,England,48.7,3.7,midfield,right,right midfield,True,,Regular Play,,,,,,,,,False,,,,Luke Shaw receives,"[1:38] Luke Shaw receives. Luke Shaw under pressure, carries forward. Luke Shaw takes on Daniel Carvajal Ramos - NUTMEG!. Duel. Daniel Carvajal Ramos carries the ball."
5,dribble_sequence,Dribble,5,2,False,3943043,Spain,England,1,38,1,00:01:38.008,Carry,Luke Shaw,Left Back,England,England,48.7,3.7,midfield,right,right midfield,True,1.121557,Regular Play,,,,,,,,,False,51.1,2.4,2.729468812791235,"Luke Shaw under pressure, carries forward","[1:38] Luke Shaw receives. Luke Shaw under pressure, carries forward. Luke Shaw takes on Daniel Carvajal Ramos - NUTMEG!. Duel. Daniel Carvajal Ramos carries the ball."
5,dribble_sequence,Dribble,5,3,True,3943043,Spain,England,1,39,1,00:01:39.129,Dribble,Luke Shaw,Left Back,England,England,51.1,2.4,midfield,right,right midfield,True,0.0,Regular Play,,,,,,,,Incomplete,True,,,,Luke Shaw takes on Daniel Carvajal Ramos - NUTMEG!,"[1:38] Luke Shaw receives. Luke Shaw under pressure, carries forward. Luke Shaw takes on Daniel Carvajal Ramos - NUTMEG!. Duel. Daniel Carvajal Ramos carries the ball."
5,dribble_sequence,Dribble,5,4,False,3943043,Spain,England,1,39,1,00:01:39.129,Duel,Daniel Carvajal Ramos,Right Back,Spain,Spain,69.0,77.7,midfield,left,left midfield,True,0.0,Regular Play,,,,,,,,,False,,,,Duel,"[1:38] Luke Shaw receives. Luke Shaw under pressure, carries forward. Luke Shaw takes on Daniel Carvajal Ramos - NUTMEG!. Duel. Daniel Carvajal Ramos carries the ball."
5,dribble_sequence,Dribble,5,5,False,3943043,Spain,England,1,39,1,00:01:39.129,Carry,Daniel Carvajal Ramos,Right Back,Spain,Spain,69.0,77.7,midfield,left,left midfield,False,4.564949,Regular Play,,,,,,,,,False,35.8,75.1,33.301651610693426,Daniel Carvajal Ramos carries the ball,"[1:38] Luke Shaw receives. Luke Shaw under pressure, carries forward. Luke Shaw takes on Daniel Carvajal Ramos - NUTMEG!. Duel. Daniel Carvajal Ramos carries the ball."
6,dribble_sequence,Dribble,5,1,False,3943043,Spain,England,7,14,1,00:07:14.247,Pressure,Fabián Ruiz Peña,Left Defensive Midfield,Spain,England,110.0,21.8,attacking third,right,right attacking third,False,1.194418,Regular Play,,,,,,,,,False,,,,Fabián Ruiz Peña presses the ball carrier,"[7:14] Fabián Ruiz Peña presses the ball carrier. Dribbled Past. Declan Rice beats the defender. Declan Rice under pressure, carries forward. Fabián Ruiz Peña presses Declan Rice."
6,dribble_sequence,Dribble,5,2,False,3943043,Spain,England,7,15,1,00:07:15.183,Dribbled Past,Fabián Ruiz Peña,Left Defensive Midfield,Spain,England,112.6,23.4,attacking third,right,right attacking third,False,0.0,Regular Play,,,,,,,,,False,,,,Dribbled Past,"[7:14] Fabián Ruiz Peña presses the ball carrier. Dribbled Past. Declan Rice beats the defender. Declan Rice under pressure, carries forward. Fabián Ruiz Peña presses Declan Rice."
6,dribble_sequence,Dribble,5,3,True,3943043,Spain,England,7,15,1,00:07:15.183,Dribble,Declan Rice,Left Defensive Midfield,England,England,7.5,56.7,defensive third,left,left defensive third,True,0.0,Regular Play,,,,,,,,Complete,False,,,,Declan Rice beats the defender,"[7:14] Fabián Ruiz Peña presses the ball carrier. Dribbled Past. Declan Rice beats the defender. Declan Rice under pressure, carries forward. Fabián Ruiz Peña presses Declan Rice."
6,dribble_sequence,Dribble,5,4,False,3943043,Spain,England,7,15,1,00:07:15.183,Carry,Declan Rice,Left Defensive Midfield,England,England,7.5,56.7,defensive third,left,left defensive third,True,2.398325,Regular Play,,,,,,,,,False,3.0,73.6,17.48885359307464,"Declan Rice under pressure, carries forward","[7:14] Fabián Ruiz Peña presses the ball carrier. Dribbled Past. Declan Rice beats the defender. Declan Rice under pressure, carries forward. Fabián Ruiz Peña presses Declan Rice."
6,dribble_sequence,Dribble,5,5,False,3943043,Spain,England,7,17,1,00:07:17.315,Pressure,Fabián Ruiz Peña,Left Defensive Midfield,Spain,England,115.5,9.8,attacking third,right,right attacking third,False,0.385355,Regular Play,,,,,,,,,False,,,,Fabián Ruiz Peña presses Declan Rice,"[7:14] Fabián Ruiz Peña presses the ball carrier. Dribbled Past. Declan Rice beats the defender. Declan Rice under pressure, carries forward. Fabián Ruiz Peña presses Declan Rice."
7,shot_sequence,Shot,5,1,False,3943043,Spain,England,11,8,1,00:11:08.897,Ball Receipt*,Nicholas Williams Arthuer,Left Wing,Spain,Spain,99.4,9.1,attacking third,right,right attacking third,False,,From Free Kick,,,,,,,,,False,,,,Nicholas Williams Arthuer receives,"[11:08] Nicholas Williams Arthuer receives. Nicholas Williams Arthuer under pressure, carries forward. John Stones presses Nicholas Williams Arthuer. Nicholas Williams Arthuer shoots - BLOCKED!. BLOCKED by John Stones!."
7,shot_sequence,Shot,5,2,False,3943043,Spain,England,11,8,1,00:11:08.897,Carry,Nicholas Williams Arthuer,Left Wing,Spain,Spain,99.4,9.1,attacking third,right,right attacking third,True,4.671013,From Free Kick,,,,,,,,,False,115.6,28.4,25.197817365795785,"Nicholas Williams Arthuer under pressure, carries forward","[11:08] Nicholas Williams Arthuer receives. Nicholas Williams Arthuer under pressure, carries forward. John Stones presses Nicholas Williams Arthuer. Nicholas Williams Arthuer shoots - BLOCKED!. BLOCKED by John Stones!."
7,shot_sequence,Shot,5,3,False,3943043,Spain,England,11,12,1,00:11:12.618,Pressure,John Stones,Right Center Back,England,Spain,10.1,54.2,defensive third,left,left defensive third,False,0.999476,From Free Kick,,,,,,,,,False,,,,John Stones presses Nicholas Williams Arthuer,"[11:08] Nicholas Williams Arthuer receives. Nicholas Williams Arthuer under pressure, carries forward. John Stones presses Nicholas Williams Arthuer. Nicholas Williams Arthuer shoots - BLOCKED!. BLOCKED by John Stones!."
7,shot_sequence,Shot,5,4,True,3943043,Spain,England,11,13,1,00:11:13.568,Shot,Nicholas Williams Arthuer,Left Wing,Spain,Spain,115.6,28.4,attacking third,central,central attacking third,True,0.050041,From Free Kick,,,,,0.06802966,Blocked,Left Foot,,False,,,,Nicholas Williams Arthuer shoots - BLOCKED!,"[11:08] Nicholas Williams Arthuer receives. Nicholas Williams Arthuer under pressure, carries forward. John Stones presses Nicholas Williams Arthuer. Nicholas Williams Arthuer shoots - BLOCKED!. BLOCKED by John Stones!."
7,shot_sequence,Shot,5,5,False,3943043,Spain,England,11,13,1,00:11:13.618,Block,John Stones,Right Center Back,England,Spain,4.1,50.8,defensive third,central,central defensive third,False,0.0,From Free Kick,,,,,,,,,False,,,,BLOCKED by John Stones!,"[11:08] Nicholas Williams Arthuer receives. Nicholas Williams Arthuer under pressure, carries forward. John Stones presses Nicholas Williams Arthuer. Nicholas Williams Arthuer shoots - BLOCKED!. BLOCKED by John Stones!."
8,shot_sequence,Shot,5,1,False,3943043,Spain,England,12,20,1,00:12:20.684,Pass,Rodrigo Hernández Cascante,Right Defensive Midfield,Spain,Spain,114.2,48.3,attacking third,central,central attacking third,True,0.950446,From Corner,Robin Aime Robert Le Normand,12.169634,High Pass,,,,,,False,,,,Rodrigo Hernández Cascante plays medium ball through the air to Robin Aime Robert Le Normand,[12:20] Rodrigo Hernández Cascante plays medium ball through the air to Robin Aime Robert Le Normand. Declan Rice presses Rodrigo Hernández Cascante. Robin Aime Robert Le Normand receives. Robin Aime Robert Le Normand shoots - just wide!. Goalkeeper deals with it.
8,shot_sequence,Shot,5,2,False,3943043,Spain,England,12,21,1,00:12:21.506,Pressure,Declan Rice,Left Defensive Midfield,England,Spain,8.3,43.2,defensive third,central,central defensive third,False,0.327752,From Corner,,,,,,,,,False,,,,Declan Rice presses Rodrigo Hernández Cascante,[12:20] Rodrigo Hernández Cascante plays medium ball through the air to Robin Aime Robert Le Normand. Declan Rice presses Rodrigo Hernández Cascante. Robin Aime Robert Le Normand receives. Robin Aime Robert Le Normand shoots - just wide!. Goalkeeper deals with it.
8,shot_sequence,Shot,5,3,False,3943043,Spain,England,12,21,1,00:12:21.635,Ball Receipt*,Robin Aime Robert Le Normand,Right Center Back,Spain,Spain,112.9,36.2,attacking third,central,central attacking third,True,,From Corner,,,,,,,,,False,,,,Robin Aime Robert Le Normand receives,[12:20] Rodrigo Hernández Cascante plays medium ball through the air to Robin Aime Robert Le Normand. Declan Rice presses Rodrigo Hernández Cascante. Robin Aime Robert Le Normand receives. Robin Aime Robert Le Normand shoots - just wide!. Goalkeeper deals with it.
8,shot_sequence,Shot,5,4,True,3943043,Spain,England,12,21,1,00:12:21.652,Shot,Robin Aime Robert Le Normand,Right Center Back,Spain,Spain,112.9,36.2,attacking third,central,central attacking third,True,1.072991,From Corner,,,,,0.11746518,Off T,Right Foot,,False,,,,Robin Aime Robert Le Normand shoots - just wide!,[12:20] Rodrigo Hernández Cascante plays medium ball through the air to Robin Aime Robert Le Normand. Declan Rice presses Rodrigo Hernández Cascante. Robin Aime Robert Le Normand receives. Robin Aime Robert Le Normand shoots - just wide!. Goalkeeper deals with it.
8,shot_sequence,Shot,5,5,False,3943043,Spain,England,12,22,1,00:12:22.725,Goal Keeper,Jordan Pickford,Goalkeeper,England,Spain,1.1,37.6,defensive third,central,central defensive third,False,0.0,From Corner,,,,,,,,,False,,,,Goalkeeper deals with it,[12:20] Rodrigo Hernández Cascante plays medium ball through the air to Robin Aime Robert Le Normand. Declan Rice presses Rodrigo Hernández Cascante. Robin Aime Robert Le Normand receives. Robin Aime Robert Le Normand shoots - just wide!. Goalkeeper deals with it.
9,shot_sequence,Shot,5,1,False,3943043,Spain,England,16,19,1,00:16:19.222,Pass,Bukayo Saka,Right Wing,England,England,106.3,57.5,attacking third,left,left attacking third,True,1.555759,From Corner,Declan Rice,19.516659,Ground Pass,,,,,,False,,,,Bukayo Saka plays medium pass along the ground to Declan Rice,[16:19] Bukayo Saka plays medium pass along the ground to Declan Rice. Rodrigo Hernández Cascante presses Bukayo Saka. Declan Rice receives. Declan Rice shoots - BLOCKED!. BLOCKED by Rodrigo Hernández Cascante!.
9,shot_sequence,Shot,5,2,False,3943043,Spain,England,16,20,1,00:16:20.211,Pressure,Rodrigo Hernández Cascante,Right Defensive Midfield,Spain,England,19.0,39.3,defensive third,central,central defensive third,False,0.676397,From Corner,,,,,,,,,False,,,,Rodrigo Hernández Cascante presses Bukayo Saka,[16:19] Bukayo Saka plays medium pass along the ground to Declan Rice. Rodrigo Hernández Cascante presses Bukayo Saka. Declan Rice receives. Declan Rice shoots - BLOCKED!. BLOCKED by Rodrigo Hernández Cascante!.
9,shot_sequence,Shot,5,3,False,3943043,Spain,England,16,20,1,00:16:20.777,Ball Receipt*,Declan Rice,Left Defensive Midfield,England,England,96.2,40.8,attacking third,central,central attacking third,True,,From Corner,,,,,,,,,False,,,,Declan Rice receives,[16:19] Bukayo Saka plays medium pass along the ground to Declan Rice. Rodrigo Hernández Cascante presses Bukayo Saka. Declan Rice receives. Declan Rice shoots - BLOCKED!. BLOCKED by Rodrigo Hernández Cascante!.
9,shot_sequence,Shot,5,4,True,3943043,Spain,England,16,20,1,00:16:20.810,Shot,Declan Rice,Left Defensive Midfield,England,England,96.2,40.8,attacking third,central,central attacking third,True,0.076667,From Corner,,,,,0.0489952,Blocked,Right Foot,,False,,,,Declan Rice shoots - BLOCKED!,[16:19] Bukayo Saka plays medium pass along the ground to Declan Rice. Rodrigo Hernández Cascante presses Bukayo Saka. Declan Rice receives. Declan Rice shoots - BLOCKED!. BLOCKED by Rodrigo Hernández Cascante!.
9,shot_sequence,Shot,5,5,False,3943043,Spain,England,16,20,1,00:16:20.887,Block,Rodrigo Hernández Cascante,Right Defensive Midfield,Spain,England,21.6,39.3,defensive third,central,central defensive third,False,0.0,From Corner,,,,,,,,,False,,,,BLOCKED by Rodrigo Hernández Cascante!,[16:19] Bukayo Saka plays medium pass along the ground to Declan Rice. Rodrigo Hernández Cascante presses Bukayo Saka. Declan Rice receives. Declan Rice shoots - BLOCKED!. BLOCKED by Rodrigo Hernández Cascante!.
10,shot_sequence,Shot,5,1,False,3943043,Spain,England,27,25,1,00:27:25.225,Carry,Fabián Ruiz Peña,Left Defensive Midfield,Spain,Spain,87.1,55.4,attacking third,left,left attacking third,True,2.522996,From Throw In,,,,,,,,,False,101.2,49.8,15.171354586852166,"Fabián Ruiz Peña under pressure, carries forward","[27:25] Fabián Ruiz Peña under pressure, carries forward. Phil Foden presses Fabián Ruiz Peña. Kobbie Mainoo presses the ball carrier. Fabián Ruiz Peña shoots - saved by the goalkeeper!. BLOCKED by Marc Guehi!."
10,shot_sequence,Shot,5,2,False,3943043,Spain,England,27,25,1,00:27:25.314,Pressure,Phil Foden,Center Attacking Midfield,England,Spain,34.4,22.9,defensive third,right,right defensive third,False,0.809889,From Throw In,,,,,,,,,False,,,,Phil Foden presses Fabián Ruiz Peña,"[27:25] Fabián Ruiz Peña under pressure, carries forward. Phil Foden presses Fabián Ruiz Peña. Kobbie Mainoo presses the ball carrier. Fabián Ruiz Peña shoots - saved by the goalkeeper!. BLOCKED by Marc Guehi!."
10,shot_sequence,Shot,5,3,False,3943043,Spain,England,27,26,1,00:27:26.905,Pressure,Kobbie Mainoo,Right Defensive Midfield,England,Spain,21.4,25.5,defensive third,right,right defensive third,False,0.685099,From Throw In,,,,,,,,,False,,,,Kobbie Mainoo presses the ball carrier,"[27:25] Fabián Ruiz Peña under pressure, carries forward. Phil Foden presses Fabián Ruiz Peña. Kobbie Mainoo presses the ball carrier. Fabián Ruiz Peña shoots - saved by the goalkeeper!. BLOCKED by Marc Guehi!."
10,shot_sequence,Shot,5,4,True,3943043,Spain,England,27,27,1,00:27:27.748,Shot,Fabián Ruiz Peña,Left Defensive Midfield,Spain,Spain,101.2,49.8,attacking third,central,central attacking third,False,0.17833,From Throw In,,,,,0.048117142,Saved,Right Foot,,False,,,,Fabián Ruiz Peña shoots - saved by the goalkeeper!,"[27:25] Fabián Ruiz Peña under pressure, carries forward. Phil Foden presses Fabián Ruiz Peña. Kobbie Mainoo presses the ball carrier. Fabián Ruiz Peña shoots - saved by the goalkeeper!. BLOCKED by Marc Guehi!."
10,shot_sequence,Shot,5,5,False,3943043,Spain,England,27,27,1,00:27:27.926,Block,Marc Guehi,Left Center Back,England,Spain,15.8,31.6,defensive third,central,central defensive third,False,0.0,From Throw In,,,,,,,,,False,,,,BLOCKED by Marc Guehi!,"[27:25] Fabián Ruiz Peña under pressure, carries forward. Phil Foden presses Fabián Ruiz Peña. Kobbie Mainoo presses the ball carrier. Fabián Ruiz Peña shoots - saved by the goalkeeper!. BLOCKED by Marc Guehi!."
11,shot_sequence,Shot,5,1,False,3942226,Spain,Germany,0,51,1,00:00:51.763,Pass,Álvaro Borja Morata Martín,Center Forward,Spain,Spain,107.6,34.5,attacking third,central,central attacking third,True,1.202933,Regular Play,Pedro González López,8.01561,Ground Pass,,,,,,False,,,,Álvaro Borja Morata Martín plays short pass along the ground to Pedro González López,[0:51] Álvaro Borja Morata Martín plays short pass along the ground to Pedro González López. Toni Kroos presses Álvaro Borja Morata Martín. Pedro González López receives. Pedro González López shoots - saved by the goalkeeper!. Goalkeeper deals with it.
11,shot_sequence,Shot,5,2,False,3942226,Spain,Germany,0,52,1,00:00:52.605,Pressure,Toni Kroos,Left Defensive Midfield,Germany,Spain,15.6,42.3,defensive third,central,central defensive third,False,0.404818,Regular Play,,,,,,,,,False,,,,Toni Kroos presses Álvaro Borja Morata Martín,[0:51] Álvaro Borja Morata Martín plays short pass along the ground to Pedro González López. Toni Kroos presses Álvaro Borja Morata Martín. Pedro González López receives. Pedro González López shoots - saved by the goalkeeper!. Goalkeeper deals with it.
11,shot_sequence,Shot,5,3,False,3942226,Spain,Germany,0,52,1,00:00:52.908,Ball Receipt*,Pedro González López,Right Center Midfield,Spain,Spain,101.5,39.7,attacking third,central,central attacking third,True,,Regular Play,,,,,,,,,False,,,,Pedro González López receives,[0:51] Álvaro Borja Morata Martín plays short pass along the ground to Pedro González López. Toni Kroos presses Álvaro Borja Morata Martín. Pedro González López receives. Pedro González López shoots - saved by the goalkeeper!. Goalkeeper deals with it.
11,shot_sequence,Shot,5,4,True,3942226,Spain,Germany,0,52,1,00:00:52.908,Shot,Pedro González López,Right Center Midfield,Spain,Spain,101.5,39.7,attacking third,central,central attacking third,True,0.554654,Regular Play,,,,,0.11743693,Saved,Left Foot,,False,,,,Pedro González López shoots - saved by the goalkeeper!,[0:51] Álvaro Borja Morata Martín plays short pass along the ground to Pedro González López. Toni Kroos presses Álvaro Borja Morata Martín. Pedro González López receives. Pedro González López shoots - saved by the goalkeeper!. Goalkeeper deals with it.
11,shot_sequence,Shot,5,5,False,3942226,Spain,Germany,0,53,1,00:00:53.462,Goal Keeper,Manuel Neuer,Goalkeeper,Germany,Spain,1.5,39.7,defensive third,central,central defensive third,False,0.0,Regular Play,,,,,,,,,False,,,,Goalkeeper deals with it,[0:51] Álvaro Borja Morata Martín plays short pass along the ground to Pedro González López. Toni Kroos presses Álvaro Borja Morata Martín. Pedro González López receives. Pedro González López shoots - saved by the goalkeeper!. Goalkeeper deals with it.
12,carry_sequence,Carry,4,1,False,3942226,Spain,Germany,0,1,1,00:00:01.937,Ball Receipt*,Toni Kroos,Left Defensive Midfield,Germany,Germany,59.7,36.7,midfield,central,central midfield,False,,From Kick Off,,,,,,,,,False,,,,Toni Kroos receives,[0:01] Toni Kroos receives. Toni Kroos carries the ball. Toni Kroos plays long ball through the air to Kai Havertz. Kai Havertz receives.
12,carry_sequence,Carry,4,2,True,3942226,Spain,Germany,0,1,1,00:00:01.937,Carry,Toni Kroos,Left Defensive Midfield,Germany,Germany,59.7,36.7,midfield,central,central midfield,False,1.634789,From Kick Off,,,,,,,,,False,54.2,40.1,6.466065264130883,Toni Kroos carries the ball,[0:01] Toni Kroos receives. Toni Kroos carries the ball. Toni Kroos plays long ball through the air to Kai Havertz. Kai Havertz receives.
12,carry_sequence,Carry,4,3,False,3942226,Spain,Germany,0,3,1,00:00:03.572,Pass,Toni Kroos,Left Defensive Midfield,Germany,Germany,54.2,40.1,midfield,central,central midfield,False,2.104005,From Kick Off,Kai Havertz,37.400536,High Pass,Incomplete,,,,,False,,,,Toni Kroos plays long ball through the air to Kai Havertz,[0:01] Toni Kroos receives. Toni Kroos carries the ball. Toni Kroos plays long ball through the air to Kai Havertz. Kai Havertz receives.
12,carry_sequence,Carry,4,4,False,3942226,Spain,Germany,0,5,1,00:00:05.676,Ball Receipt*,Kai Havertz,Center Forward,Germany,Germany,74.1,35.5,midfield,central,central midfield,False,,From Kick Off,,,,,,,,,False,,,,Kai Havertz receives,[0:01] Toni Kroos receives. Toni Kroos carries the ball. Toni Kroos plays long ball through the air to Kai Havertz. Kai Havertz receives.
13,carry_sequence,Carry,4,1,False,3942226,Spain,Germany,0,6,1,00:00:06.160,Ball Recovery,Jamal Musiala,Left Wing,Germany,Germany,81.8,32.5,attacking third,central,central attacking third,False,0.0,From Kick Off,,,,,,,,,False,,,,Ball Recovery,"[0:06] Ball Recovery. Jamal Musiala under pressure, carries forward. Rodrigo Hernández Cascante presses Jamal Musiala. Jamal Musiala plays short ball through the air to Leroy Sané."
13,carry_sequence,Carry,4,2,True,3942226,Spain,Germany,0,6,1,00:00:06.160,Carry,Jamal Musiala,Left Wing,Germany,Germany,81.8,32.5,attacking third,central,central attacking third,True,1.2441,From Kick Off,,,,,,,,,False,82.1,34.1,1.6278820596099715,"Jamal Musiala under pressure, carries forward","[0:06] Ball Recovery. Jamal Musiala under pressure, carries forward. Rodrigo Hernández Cascante presses Jamal Musiala. Jamal Musiala plays short ball through the air to Leroy Sané."
13,carry_sequence,Carry,4,3,False,3942226,Spain,Germany,0,6,1,00:00:06.482,Pressure,Rodrigo Hernández Cascante,Center Defensive Midfield,Spain,Germany,36.5,49.0,defensive third,central,central defensive third,False,0.335963,From Kick Off,,,,,,,,,False,,,,Rodrigo Hernández Cascante presses Jamal Musiala,"[0:06] Ball Recovery. Jamal Musiala under pressure, carries forward. Rodrigo Hernández Cascante presses Jamal Musiala. Jamal Musiala plays short ball through the air to Leroy Sané."
13,carry_sequence,Carry,4,4,False,3942226,Spain,Germany,0,7,1,00:00:07.404,Pass,Jamal Musiala,Left Wing,Germany,Germany,82.1,34.1,attacking third,central,central attacking third,False,1.810444,From Kick Off,Leroy Sané,8.993887,High Pass,Incomplete,,,,,False,,,,Jamal Musiala plays short ball through the air to Leroy Sané,"[0:06] Ball Recovery. Jamal Musiala under pressure, carries forward. Rodrigo Hernández Cascante presses Jamal Musiala. Jamal Musiala plays short ball through the air to Leroy Sané."
14,pressure_sequence,Pressure,5,1,False,3942226,Spain,Germany,0,6,1,00:00:06.160,Ball Recovery,Jamal Musiala,Left Wing,Germany,Germany,81.8,32.5,attacking third,central,central attacking third,False,0.0,From Kick Off,,,,,,,,,False,,,,Ball Recovery,"[0:06] Ball Recovery. Jamal Musiala under pressure, carries forward. Rodrigo Hernández Cascante presses Jamal Musiala. Jamal Musiala plays short ball through the air to Leroy Sané. Leroy Sané receives."
14,pressure_sequence,Pressure,5,2,False,3942226,Spain,Germany,0,6,1,00:00:06.160,Carry,Jamal Musiala,Left Wing,Germany,Germany,81.8,32.5,attacking third,central,central attacking third,True,1.2441,From Kick Off,,,,,,,,,False,82.1,34.1,1.6278820596099715,"Jamal Musiala under pressure, carries forward","[0:06] Ball Recovery. Jamal Musiala under pressure, carries forward. Rodrigo Hernández Cascante presses Jamal Musiala. Jamal Musiala plays short ball through the air to Leroy Sané. Leroy Sané receives."
14,pressure_sequence,Pressure,5,3,True,3942226,Spain,Germany,0,6,1,00:00:06.482,Pressure,Rodrigo Hernández Cascante,Center Defensive Midfield,Spain,Germany,36.5,49.0,defensive third,central,central defensive third,False,0.335963,From Kick Off,,,,,,,,,False,,,,Rodrigo Hernández Cascante presses Jamal Musiala,"[0:06] Ball Recovery. Jamal Musiala under pressure, carries forward. Rodrigo Hernández Cascante presses Jamal Musiala. Jamal Musiala plays short ball through the air to Leroy Sané. Leroy Sané receives."
14,pressure_sequence,Pressure,5,4,False,3942226,Spain,Germany,0,7,1,00:00:07.404,Pass,Jamal Musiala,Left Wing,Germany,Germany,82.1,34.1,attacking third,central,central attacking third,False,1.810444,From Kick Off,Leroy Sané,8.993887,High Pass,Incomplete,,,,,False,,,,Jamal Musiala plays short ball through the air to Leroy Sané,"[0:06] Ball Recovery. Jamal Musiala under pressure, carries forward. Rodrigo Hernández Cascante presses Jamal Musiala. Jamal Musiala plays short ball through the air to Leroy Sané. Leroy Sané receives."
14,pressure_sequence,Pressure,5,5,False,3942226,Spain,Germany,0,9,1,00:00:09.214,Ball Receipt*,Leroy Sané,Right Wing,Germany,Germany,88.6,42.5,attacking third,central,central attacking third,False,,From Kick Off,,,,,,,,,False,,,,Leroy Sané receives,"[0:06] Ball Recovery. Jamal Musiala under pressure, carries forward. Rodrigo Hernández Cascante presses Jamal Musiala. Jamal Musiala plays short ball through the air to Leroy Sané. Leroy Sané receives."
15,pressure_sequence,Pressure,5,1,False,3942226,Spain,Germany,0,11,1,00:00:11.572,Ball Receipt*,Lamine Yamal Nasraoui Ebana,Right Wing,Spain,Germany,46.2,60.2,midfield,left,left midfield,False,,From Kick Off,,,,,,,,,False,,,,Lamine Yamal Nasraoui Ebana receives,"[0:11] Lamine Yamal Nasraoui Ebana receives. David Raum plays medium ball through the air to Jonathan Tah. Álvaro Borja Morata Martín presses David Raum. Jonathan Tah receives. Jonathan Tah under pressure, carries forward."
15,pressure_sequence,Pressure,5,2,False,3942226,Spain,Germany,0,11,1,00:00:11.572,Pass,David Raum,Left Back,Germany,Germany,70.1,24.1,midfield,right,right midfield,False,1.085946,From Kick Off,Jonathan Tah,14.756694,High Pass,,,,,,False,,,,David Raum plays medium ball through the air to Jonathan Tah,"[0:11] Lamine Yamal Nasraoui Ebana receives. David Raum plays medium ball through the air to Jonathan Tah. Álvaro Borja Morata Martín presses David Raum. Jonathan Tah receives. Jonathan Tah under pressure, carries forward."
15,pressure_sequence,Pressure,5,3,True,3942226,Spain,Germany,0,12,1,00:00:12.247,Pressure,Álvaro Borja Morata Martín,Center Forward,Spain,Germany,59.0,47.2,midfield,central,central midfield,False,0.710436,From Kick Off,,,,,,,,,False,,,,Álvaro Borja Morata Martín presses David Raum,"[0:11] Lamine Yamal Nasraoui Ebana receives. David Raum plays medium ball through the air to Jonathan Tah. Álvaro Borja Morata Martín presses David Raum. Jonathan Tah receives. Jonathan Tah under pressure, carries forward."
15,pressure_sequence,Pressure,5,4,False,3942226,Spain,Germany,0,12,1,00:00:12.658,Ball Receipt*,Jonathan Tah,Left Center Back,Germany,Germany,57.7,32.1,midfield,central,central midfield,True,,From Kick Off,,,,,,,,,False,,,,Jonathan Tah receives,"[0:11] Lamine Yamal Nasraoui Ebana receives. David Raum plays medium ball through the air to Jonathan Tah. Álvaro Borja Morata Martín presses David Raum. Jonathan Tah receives. Jonathan Tah under pressure, carries forward."
15,pressure_sequence,Pressure,5,5,False,3942226,Spain,Germany,0,12,1,00:00:12.658,Carry,Jonathan Tah,Left Center Back,Germany,Germany,57.7,32.1,midfield,central,central midfield,True,0.041821,From Kick Off,,,,,,,,,False,56.7,32.5,1.0770329614269003,"Jonathan Tah under pressure, carries forward","[0:11] Lamine Yamal Nasraoui Ebana receives. David Raum plays medium ball through the air to Jonathan Tah. Álvaro Borja Morata Martín presses David Raum. Jonathan Tah receives. Jonathan Tah under pressure, carries forward."
16,dribble_sequence,Dribble,5,1,False,3942226,Spain,Germany,5,2,1,00:05:02.307,Pressure,Joshua Kimmich,Right Back,Germany,Spain,55.8,70.5,midfield,left,left midfield,False,0.755634,From Free Kick,,,,,,,,,False,,,,Joshua Kimmich presses the ball carrier,"[5:02] Joshua Kimmich presses the ball carrier. Dribbled Past. Nicholas Williams Arthuer takes on the defender - NUTMEG!. Nicholas Williams Arthuer under pressure, carries forward. Nicholas Williams Arthuer plays medium pass along the ground to None."
16,dribble_sequence,Dribble,5,2,False,3942226,Spain,Germany,5,3,1,00:05:03.063,Dribbled Past,Joshua Kimmich,Right Back,Germany,Spain,50.9,74.9,midfield,left,left midfield,False,0.0,From Free Kick,,,,,,,,,False,,,,Dribbled Past,"[5:02] Joshua Kimmich presses the ball carrier. Dribbled Past. Nicholas Williams Arthuer takes on the defender - NUTMEG!. Nicholas Williams Arthuer under pressure, carries forward. Nicholas Williams Arthuer plays medium pass along the ground to None."
16,dribble_sequence,Dribble,5,3,True,3942226,Spain,Germany,5,3,1,00:05:03.063,Dribble,Nicholas Williams Arthuer,Left Wing,Spain,Spain,69.2,5.2,midfield,right,right midfield,True,0.0,From Free Kick,,,,,,,,Complete,True,,,,Nicholas Williams Arthuer takes on the defender - NUTMEG!,"[5:02] Joshua Kimmich presses the ball carrier. Dribbled Past. Nicholas Williams Arthuer takes on the defender - NUTMEG!. Nicholas Williams Arthuer under pressure, carries forward. Nicholas Williams Arthuer plays medium pass along the ground to None."
16,dribble_sequence,Dribble,5,4,False,3942226,Spain,Germany,5,3,1,00:05:03.063,Carry,Nicholas Williams Arthuer,Left Wing,Spain,Spain,69.2,5.2,midfield,right,right midfield,True,1.923714,From Free Kick,,,,,,,,,False,67.0,9.9,5.18941229813165,"Nicholas Williams Arthuer under pressure, carries forward","[5:02] Joshua Kimmich presses the ball carrier. Dribbled Past. Nicholas Williams Arthuer takes on the defender - NUTMEG!. Nicholas Williams Arthuer under pressure, carries forward. Nicholas Williams Arthuer plays medium pass along the ground to None."
16,dribble_sequence,Dribble,5,5,False,3942226,Spain,Germany,5,4,1,00:05:04.987,Pass,Nicholas Williams Arthuer,Left Wing,Spain,Spain,67.0,9.9,midfield,right,right midfield,False,1.31726,From Free Kick,,19.349419,Ground Pass,Unknown,,,,,False,,,,Nicholas Williams Arthuer plays medium pass along the ground to None,"[5:02] Joshua Kimmich presses the ball carrier. Dribbled Past. Nicholas Williams Arthuer takes on the defender - NUTMEG!. Nicholas Williams Arthuer under pressure, carries forward. Nicholas Williams Arthuer plays medium pass along the ground to None."
17,dribble_sequence,Dribble,5,1,False,3942226,Spain,Germany,8,52,1,00:08:52.359,Carry,Leroy Sané,Right Wing,Germany,Germany,49.9,73.4,midfield,left,left midfield,True,0.280671,From Throw In,,,,,,,,,False,49.2,73.8,0.806225774829847,"Leroy Sané under pressure, carries forward","[8:52] Leroy Sané under pressure, carries forward. Dribbled Past. Leroy Sané beats the defender. Aymeric Laporte plays long pass along the ground to Nicholas Williams Arthuer. Nicholas Williams Arthuer receives."
17,dribble_sequence,Dribble,5,2,False,3942226,Spain,Germany,8,52,1,00:08:52.639,Dribbled Past,Marc Cucurella Saseta,Left Back,Spain,Germany,70.9,6.3,midfield,right,right midfield,False,0.0,From Throw In,,,,,,,,,False,,,,Dribbled Past,"[8:52] Leroy Sané under pressure, carries forward. Dribbled Past. Leroy Sané beats the defender. Aymeric Laporte plays long pass along the ground to Nicholas Williams Arthuer. Nicholas Williams Arthuer receives."
17,dribble_sequence,Dribble,5,3,True,3942226,Spain,Germany,8,52,1,00:08:52.639,Dribble,Leroy Sané,Right Wing,Germany,Germany,49.2,73.8,midfield,left,left midfield,True,0.0,From Throw In,,,,,,,,Incomplete,False,,,,Leroy Sané beats the defender,"[8:52] Leroy Sané under pressure, carries forward. Dribbled Past. Leroy Sané beats the defender. Aymeric Laporte plays long pass along the ground to Nicholas Williams Arthuer. Nicholas Williams Arthuer receives."
17,dribble_sequence,Dribble,5,4,False,3942226,Spain,Germany,8,54,1,00:08:54.486,Pass,Aymeric Laporte,Left Center Back,Spain,Germany,57.1,5.0,midfield,right,right midfield,False,0.93976,From Throw In,Nicholas Williams Arthuer,26.401705,Ground Pass,,,,,,False,,,,Aymeric Laporte plays long pass along the ground to Nicholas Williams Arthuer,"[8:52] Leroy Sané under pressure, carries forward. Dribbled Past. Leroy Sané beats the defender. Aymeric Laporte plays long pass along the ground to Nicholas Williams Arthuer. Nicholas Williams Arthuer receives."
17,dribble_sequence,Dribble,5,5,False,3942226,Spain,Germany,8,55,1,00:08:55.425,Ball Receipt*,Nicholas Williams Arthuer,Left Wing,Spain,Germany,83.5,4.7,attacking third,right,right attacking third,False,,From Throw In,,,,,,,,,False,,,,Nicholas Williams Arthuer receives,"[8:52] Leroy Sané under pressure, carries forward. Dribbled Past. Leroy Sané beats the defender. Aymeric Laporte plays long pass along the ground to Nicholas Williams Arthuer. Nicholas Williams Arthuer receives."
18,shot_sequence,Shot,5,1,False,3942226,Spain,Germany,11,42,1,00:11:42.371,Ball Receipt*,Nicholas Williams Arthuer,Left Wing,Spain,Spain,84.3,25.3,attacking third,right,right attacking third,False,,From Throw In,,,,,,,,,False,,,,Nicholas Williams Arthuer receives,"[11:42] Nicholas Williams Arthuer receives. Nicholas Williams Arthuer under pressure, carries forward. Joshua Kimmich presses Nicholas Williams Arthuer. Nicholas Williams Arthuer shoots - just wide!. Goalkeeper deals with it."
18,shot_sequence,Shot,5,2,False,3942226,Spain,Germany,11,42,1,00:11:42.371,Carry,Nicholas Williams Arthuer,Left Wing,Spain,Spain,84.3,25.3,attacking third,right,right attacking third,True,3.153329,From Throw In,,,,,,,,,False,91.9,28.7,8.325863318599467,"Nicholas Williams Arthuer under pressure, carries forward","[11:42] Nicholas Williams Arthuer receives. Nicholas Williams Arthuer under pressure, carries forward. Joshua Kimmich presses Nicholas Williams Arthuer. Nicholas Williams Arthuer shoots - just wide!. Goalkeeper deals with it."
18,shot_sequence,Shot,5,3,False,3942226,Spain,Germany,11,44,1,00:11:44.786,Pressure,Joshua Kimmich,Right Back,Germany,Spain,30.4,55.2,defensive third,left,left defensive third,False,0.857481,From Throw In,,,,,,,,,False,,,,Joshua Kimmich presses Nicholas Williams Arthuer,"[11:42] Nicholas Williams Arthuer receives. Nicholas Williams Arthuer under pressure, carries forward. Joshua Kimmich presses Nicholas Williams Arthuer. Nicholas Williams Arthuer shoots - just wide!. Goalkeeper deals with it."
18,shot_sequence,Shot,5,4,True,3942226,Spain,Germany,11,45,1,00:11:45.525,Shot,Nicholas Williams Arthuer,Left Wing,Spain,Spain,91.9,28.7,attacking third,central,central attacking third,True,1.057483,From Throw In,,,,,0.021921165,Off T,Right Foot,,False,,,,Nicholas Williams Arthuer shoots - just wide!,"[11:42] Nicholas Williams Arthuer receives. Nicholas Williams Arthuer under pressure, carries forward. Joshua Kimmich presses Nicholas Williams Arthuer. Nicholas Williams Arthuer shoots - just wide!. Goalkeeper deals with it."
18,shot_sequence,Shot,5,5,False,3942226,Spain,Germany,11,46,1,00:11:46.582,Goal Keeper,Manuel Neuer,Goalkeeper,Germany,Spain,1.4,42.1,defensive third,central,central defensive third,False,0.0,From Throw In,,,,,,,,,False,,,,Goalkeeper deals with it,"[11:42] Nicholas Williams Arthuer receives. Nicholas Williams Arthuer under pressure, carries forward. Joshua Kimmich presses Nicholas Williams Arthuer. Nicholas Williams Arthuer shoots - just wide!. Goalkeeper deals with it."
19,shot_sequence,Shot,5,1,False,3942226,Spain,Germany,12,49,1,00:12:49.220,Carry,Daniel Olmo Carvajal,Right Center Midfield,Spain,Spain,95.7,51.0,attacking third,central,central attacking third,True,0.370912,Regular Play,,,,,,,,,False,96.3,51.5,0.7810249675906611,"Daniel Olmo Carvajal under pressure, carries forward","[12:49] Daniel Olmo Carvajal under pressure, carries forward. Foul Committed. Foul Won. Lamine Yamal Nasraoui Ebana shoots - just wide!. Goalkeeper deals with it."
19,shot_sequence,Shot,5,2,False,3942226,Spain,Germany,12,49,1,00:12:49.591,Foul Committed,Antonio Rüdiger,Right Center Back,Germany,Spain,23.8,28.6,defensive third,central,central defensive third,False,0.0,Regular Play,,,,,,,,,False,,,,Foul Committed,"[12:49] Daniel Olmo Carvajal under pressure, carries forward. Foul Committed. Foul Won. Lamine Yamal Nasraoui Ebana shoots - just wide!. Goalkeeper deals with it."
19,shot_sequence,Shot,5,3,False,3942226,Spain,Germany,12,49,1,00:12:49.591,Foul Won,Daniel Olmo Carvajal,Right Center Midfield,Spain,Spain,96.3,51.5,attacking third,central,central attacking third,True,0.0,Regular Play,,,,,,,,,False,,,,Foul Won,"[12:49] Daniel Olmo Carvajal under pressure, carries forward. Foul Committed. Foul Won. Lamine Yamal Nasraoui Ebana shoots - just wide!. Goalkeeper deals with it."
19,shot_sequence,Shot,5,4,True,3942226,Spain,Germany,14,5,1,00:14:05.116,Shot,Lamine Yamal Nasraoui Ebana,Right Wing,Spain,Spain,98.9,48.6,attacking third,central,central attacking third,False,0.857756,From Free Kick,,,,,0.084460065,Off T,Left Foot,,False,,,,Lamine Yamal Nasraoui Ebana shoots - just wide!,"[12:49] Daniel Olmo Carvajal under pressure, carries forward. Foul Committed. Foul Won. Lamine Yamal Nasraoui Ebana shoots - just wide!. Goalkeeper deals with it."
19,shot_sequence,Shot,5,5,False,3942226,Spain,Germany,14,5,1,00:14:05.974,Goal Keeper,Manuel Neuer,Goalkeeper,Germany,Spain,0.8,40.8,defensive third,central,central defensive third,False,0.0,From Free Kick,,,,,,,,,False,,,,Goalkeeper deals with it,"[12:49] Daniel Olmo Carvajal under pressure, carries forward. Foul Committed. Foul Won. Lamine Yamal Nasraoui Ebana shoots - just wide!. Goalkeeper deals with it."
20,shot_sequence,Shot,5,1,False,3942226,Spain,Germany,14,59,1,00:14:59.887,Ball Receipt*,Álvaro Borja Morata Martín,Center Forward,Spain,Spain,99.2,11.2,attacking third,right,right attacking third,False,,Regular Play,,,,,,,,,False,,,,Álvaro Borja Morata Martín receives,"[14:59] Álvaro Borja Morata Martín receives. Álvaro Borja Morata Martín under pressure, carries forward. Emre Can presses Álvaro Borja Morata Martín. Álvaro Borja Morata Martín shoots - BLOCKED!. BLOCKED by Emre Can!."
20,shot_sequence,Shot,5,2,False,3942226,Spain,Germany,14,59,1,00:14:59.887,Carry,Álvaro Borja Morata Martín,Center Forward,Spain,Spain,99.2,11.2,attacking third,right,right attacking third,True,2.291833,Regular Play,,,,,,,,,False,100.2,21.9,10.746627377926528,"Álvaro Borja Morata Martín under pressure, carries forward","[14:59] Álvaro Borja Morata Martín receives. Álvaro Borja Morata Martín under pressure, carries forward. Emre Can presses Álvaro Borja Morata Martín. Álvaro Borja Morata Martín shoots - BLOCKED!. BLOCKED by Emre Can!."
20,shot_sequence,Shot,5,3,False,3942226,Spain,Germany,15,1,1,00:15:01.611,Pressure,Emre Can,Right Defensive Midfield,Germany,Spain,17.0,52.5,defensive third,central,central defensive third,False,0.628384,Regular Play,,,,,,,,,False,,,,Emre Can presses Álvaro Borja Morata Martín,"[14:59] Álvaro Borja Morata Martín receives. Álvaro Borja Morata Martín under pressure, carries forward. Emre Can presses Álvaro Borja Morata Martín. Álvaro Borja Morata Martín shoots - BLOCKED!. BLOCKED by Emre Can!."
20,shot_sequence,Shot,5,4,True,3942226,Spain,Germany,15,2,1,00:15:02.179,Shot,Álvaro Borja Morata Martín,Center Forward,Spain,Spain,100.2,21.9,attacking third,right,right attacking third,True,0.10022,Regular Play,,,,,0.013587153,Blocked,Right Foot,,False,,,,Álvaro Borja Morata Martín shoots - BLOCKED!,"[14:59] Álvaro Borja Morata Martín receives. Álvaro Borja Morata Martín under pressure, carries forward. Emre Can presses Álvaro Borja Morata Martín. Álvaro Borja Morata Martín shoots - BLOCKED!. BLOCKED by Emre Can!."
20,shot_sequence,Shot,5,5,False,3942226,Spain,Germany,15,2,1,00:15:02.279,Block,Emre Can,Right Defensive Midfield,Germany,Spain,19.0,57.3,defensive third,left,left defensive third,False,0.0,Regular Play,,,,,,,,,False,,,,BLOCKED by Emre Can!,"[14:59] Álvaro Borja Morata Martín receives. Álvaro Borja Morata Martín under pressure, carries forward. Emre Can presses Álvaro Borja Morata Martín. Álvaro Borja Morata Martín shoots - BLOCKED!. BLOCKED by Emre Can!."
21,carry_sequence,Carry,4,1,False,3941017,England,Slovakia,0,2,1,00:00:02.114,Ball Receipt*,Milan Škriniar,Left Center Back,Slovakia,Slovakia,37.3,39.2,defensive third,central,central defensive third,False,,From Kick Off,,,,,,,,,False,,,,Milan Škriniar receives,[0:02] Milan Škriniar receives. Milan Škriniar carries the ball. Milan Škriniar plays short pass along the ground to Denis Vavro. Denis Vavro receives.
21,carry_sequence,Carry,4,2,True,3941017,England,Slovakia,0,2,1,00:00:02.114,Carry,Milan Škriniar,Left Center Back,Slovakia,Slovakia,37.3,39.2,defensive third,central,central defensive third,False,0.189915,From Kick Off,,,,,,,,,False,36.7,38.2,1.166190378969057,Milan Škriniar carries the ball,[0:02] Milan Škriniar receives. Milan Škriniar carries the ball. Milan Škriniar plays short pass along the ground to Denis Vavro. Denis Vavro receives.
21,carry_sequence,Carry,4,3,False,3941017,England,Slovakia,0,2,1,00:00:02.304,Pass,Milan Škriniar,Left Center Back,Slovakia,Slovakia,36.7,38.2,defensive third,central,central defensive third,False,1.019313,From Kick Off,Denis Vavro,3.3241541,Ground Pass,,,,,,False,,,,Milan Škriniar plays short pass along the ground to Denis Vavro,[0:02] Milan Škriniar receives. Milan Škriniar carries the ball. Milan Škriniar plays short pass along the ground to Denis Vavro. Denis Vavro receives.
21,carry_sequence,Carry,4,4,False,3941017,England,Slovakia,0,3,1,00:00:03.323,Ball Receipt*,Denis Vavro,Right Center Back,Slovakia,Slovakia,37.6,41.4,defensive third,central,central defensive third,False,,From Kick Off,,,,,,,,,False,,,,Denis Vavro receives,[0:02] Milan Škriniar receives. Milan Škriniar carries the ball. Milan Škriniar plays short pass along the ground to Denis Vavro. Denis Vavro receives.
22,carry_sequence,Carry,4,1,False,3941017,England,Slovakia,0,3,1,00:00:03.323,Ball Receipt*,Denis Vavro,Right Center Back,Slovakia,Slovakia,37.6,41.4,defensive third,central,central defensive third,False,,From Kick Off,,,,,,,,,False,,,,Denis Vavro receives,[0:03] Denis Vavro receives. Denis Vavro carries the ball. Denis Vavro plays short ball through the air to David Strelec. David Strelec receives.
22,carry_sequence,Carry,4,2,True,3941017,England,Slovakia,0,3,1,00:00:03.323,Carry,Denis Vavro,Right Center Back,Slovakia,Slovakia,37.6,41.4,defensive third,central,central defensive third,False,0.070808,From Kick Off,,,,,,,,,False,37.6,41.4,0.0,Denis Vavro carries the ball,[0:03] Denis Vavro receives. Denis Vavro carries the ball. Denis Vavro plays short ball through the air to David Strelec. David Strelec receives.
22,carry_sequence,Carry,4,3,False,3941017,England,Slovakia,0,3,1,00:00:03.394,Pass,Denis Vavro,Right Center Back,Slovakia,Slovakia,37.6,41.4,defensive third,central,central defensive third,False,0.345035,From Kick Off,David Strelec,9.241753,High Pass,Incomplete,,,,,False,,,,Denis Vavro plays short ball through the air to David Strelec,[0:03] Denis Vavro receives. Denis Vavro carries the ball. Denis Vavro plays short ball through the air to David Strelec. David Strelec receives.
22,carry_sequence,Carry,4,4,False,3941017,England,Slovakia,0,3,1,00:00:03.739,Ball Receipt*,David Strelec,Center Forward,Slovakia,Slovakia,77.3,28.7,midfield,central,central midfield,False,,From Kick Off,,,,,,,,,False,,,,David Strelec receives,[0:03] Denis Vavro receives. Denis Vavro carries the ball. Denis Vavro plays short ball through the air to David Strelec. David Strelec receives.
23,pressure_sequence,Pressure,5,1,False,3941017,England,Slovakia,0,16,1,00:00:16.988,Ball Receipt*,Ondrej Duda,Left Center Midfield,Slovakia,Slovakia,57.4,26.3,midfield,right,right midfield,False,,From Kick Off,,,,,,,,,False,,,,Ondrej Duda receives,"[0:16] Ondrej Duda receives. Ondrej Duda under pressure, carries forward. Kobbie Mainoo presses Ondrej Duda. Ondrej Duda plays medium pass along the ground to Milan Škriniar. Milan Škriniar receives."
23,pressure_sequence,Pressure,5,2,False,3941017,England,Slovakia,0,16,1,00:00:16.988,Carry,Ondrej Duda,Left Center Midfield,Slovakia,Slovakia,57.4,26.3,midfield,right,right midfield,True,3.579567,From Kick Off,,,,,,,,,False,50.4,20.6,9.027181176868003,"Ondrej Duda under pressure, carries forward","[0:16] Ondrej Duda receives. Ondrej Duda under pressure, carries forward. Kobbie Mainoo presses Ondrej Duda. Ondrej Duda plays medium pass along the ground to Milan Škriniar. Milan Škriniar receives."
23,pressure_sequence,Pressure,5,3,True,3941017,England,Slovakia,0,17,1,00:00:17.400,Pressure,Kobbie Mainoo,Right Defensive Midfield,England,Slovakia,60.5,52.0,midfield,central,central midfield,False,0.856831,From Kick Off,,,,,,,,,False,,,,Kobbie Mainoo presses Ondrej Duda,"[0:16] Ondrej Duda receives. Ondrej Duda under pressure, carries forward. Kobbie Mainoo presses Ondrej Duda. Ondrej Duda plays medium pass along the ground to Milan Škriniar. Milan Škriniar receives."
23,pressure_sequence,Pressure,5,4,False,3941017,England,Slovakia,0,20,1,00:00:20.568,Pass,Ondrej Duda,Left Center Midfield,Slovakia,Slovakia,50.4,20.6,midfield,right,right midfield,False,1.376495,From Kick Off,Milan Škriniar,17.41551,Ground Pass,,,,,,False,,,,Ondrej Duda plays medium pass along the ground to Milan Škriniar,"[0:16] Ondrej Duda receives. Ondrej Duda under pressure, carries forward. Kobbie Mainoo presses Ondrej Duda. Ondrej Duda plays medium pass along the ground to Milan Škriniar. Milan Škriniar receives."
23,pressure_sequence,Pressure,5,5,False,3941017,England,Slovakia,0,21,1,00:00:21.944,Ball Receipt*,Milan Škriniar,Left Center Back,Slovakia,Slovakia,33.3,17.3,defensive third,right,right defensive third,False,,From Kick Off,,,,,,,,,False,,,,Milan Škriniar receives,"[0:16] Ondrej Duda receives. Ondrej Duda under pressure, carries forward. Kobbie Mainoo presses Ondrej Duda. Ondrej Duda plays medium pass along the ground to Milan Škriniar. Milan Škriniar receives."
24,pressure_sequence,Pressure,5,1,False,3941017,England,Slovakia,0,43,1,00:00:43.823,Ball Receipt*,John Stones,Right Center Back,England,England,21.2,51.1,defensive third,central,central defensive third,False,,From Throw In,,,,,,,,,False,,,,John Stones receives,"[0:43] John Stones receives. John Stones under pressure, carries forward. Ondrej Duda presses John Stones. John Stones plays medium pass along the ground to Marc Guehi. Marc Guehi receives."
24,pressure_sequence,Pressure,5,2,False,3941017,England,Slovakia,0,43,1,00:00:43.823,Carry,John Stones,Right Center Back,England,England,21.2,51.1,defensive third,central,central defensive third,True,1.424464,From Throw In,,,,,,,,,False,19.2,44.3,7.088018058667744,"John Stones under pressure, carries forward","[0:43] John Stones receives. John Stones under pressure, carries forward. Ondrej Duda presses John Stones. John Stones plays medium pass along the ground to Marc Guehi. Marc Guehi receives."
24,pressure_sequence,Pressure,5,3,True,3941017,England,Slovakia,0,45,1,00:00:45.047,Pressure,Ondrej Duda,Left Center Midfield,Slovakia,England,97.9,32.4,attacking third,central,central attacking third,False,0.578662,From Throw In,,,,,,,,,False,,,,Ondrej Duda presses John Stones,"[0:43] John Stones receives. John Stones under pressure, carries forward. Ondrej Duda presses John Stones. John Stones plays medium pass along the ground to Marc Guehi. Marc Guehi receives."
24,pressure_sequence,Pressure,5,4,False,3941017,England,Slovakia,0,45,1,00:00:45.247,Pass,John Stones,Right Center Back,England,England,19.2,44.3,defensive third,central,central defensive third,True,2.213012,From Throw In,Marc Guehi,24.273853,Ground Pass,,,,,,False,,,,John Stones plays medium pass along the ground to Marc Guehi,"[0:43] John Stones receives. John Stones under pressure, carries forward. Ondrej Duda presses John Stones. John Stones plays medium pass along the ground to Marc Guehi. Marc Guehi receives."
24,pressure_sequence,Pressure,5,5,False,3941017,England,Slovakia,0,47,1,00:00:47.460,Ball Receipt*,Marc Guehi,Left Center Back,England,England,16.3,20.2,defensive third,right,right defensive third,False,,From Throw In,,,,,,,,,False,,,,Marc Guehi receives,"[0:43] John Stones receives. John Stones under pressure, carries forward. Ondrej Duda presses John Stones. John Stones plays medium pass along the ground to Marc Guehi. Marc Guehi receives."
25,dribble_sequence,Dribble,5,1,False,3941017,England,Slovakia,1,5,1,00:01:05.648,Ball Recovery,Juraj Kucka,Right Center Midfield,Slovakia,England,58.4,42.6,midfield,central,central midfield,True,0.0,From Throw In,,,,,,,,,False,,,,Ball Recovery,"[1:05] Ball Recovery. Juraj Kucka under pressure, carries forward. Juraj Kucka beats Harry Kane. Duel. Ondrej Duda presses Harry Kane."
25,dribble_sequence,Dribble,5,2,False,3941017,England,Slovakia,1,5,1,00:01:05.648,Carry,Juraj Kucka,Right Center Midfield,Slovakia,England,58.4,42.6,midfield,central,central midfield,True,0.168869,From Throw In,,,,,,,,,False,57.4,40.8,2.059126028197404,"Juraj Kucka under pressure, carries forward","[1:05] Ball Recovery. Juraj Kucka under pressure, carries forward. Juraj Kucka beats Harry Kane. Duel. Ondrej Duda presses Harry Kane."
25,dribble_sequence,Dribble,5,3,True,3941017,England,Slovakia,1,5,1,00:01:05.817,Dribble,Juraj Kucka,Right Center Midfield,Slovakia,England,57.4,40.8,midfield,central,central midfield,True,0.0,From Throw In,,,,,,,,Incomplete,False,,,,Juraj Kucka beats Harry Kane,"[1:05] Ball Recovery. Juraj Kucka under pressure, carries forward. Juraj Kucka beats Harry Kane. Duel. Ondrej Duda presses Harry Kane."
25,dribble_sequence,Dribble,5,4,False,3941017,England,Slovakia,1,5,1,00:01:05.817,Duel,Harry Kane,Center Forward,England,England,62.7,39.3,midfield,central,central midfield,True,0.0,From Throw In,,,,,,,,,False,,,,Duel,"[1:05] Ball Recovery. Juraj Kucka under pressure, carries forward. Juraj Kucka beats Harry Kane. Duel. Ondrej Duda presses Harry Kane."
25,dribble_sequence,Dribble,5,5,False,3941017,England,Slovakia,1,7,1,00:01:07.468,Pressure,Ondrej Duda,Left Center Midfield,Slovakia,England,63.2,46.3,midfield,central,central midfield,False,0.205633,From Throw In,,,,,,,,,False,,,,Ondrej Duda presses Harry Kane,"[1:05] Ball Recovery. Juraj Kucka under pressure, carries forward. Juraj Kucka beats Harry Kane. Duel. Ondrej Duda presses Harry Kane."
26,shot_sequence,Shot,5,1,False,3941017,England,Slovakia,2,50,1,00:02:50.165,Foul Won,David Strelec,Center Forward,Slovakia,Slovakia,68.2,65.5,midfield,left,left midfield,True,0.0,Regular Play,,,,,,,,,False,,,,Foul Won,[2:50] Foul Won. Ondrej Duda plays long ball through the air to David Strelec. David Strelec receives. David Strelec shoots!. Goalkeeper deals with it.
26,shot_sequence,Shot,5,2,False,3941017,England,Slovakia,3,47,1,00:03:47.137,Pass,Ondrej Duda,Left Center Midfield,Slovakia,Slovakia,75.9,60.1,midfield,left,left midfield,False,1.833747,From Free Kick,David Strelec,39.704533,High Pass,,,,,,False,,,,Ondrej Duda plays long ball through the air to David Strelec,[2:50] Foul Won. Ondrej Duda plays long ball through the air to David Strelec. David Strelec receives. David Strelec shoots!. Goalkeeper deals with it.
26,shot_sequence,Shot,5,3,False,3941017,England,Slovakia,3,48,1,00:03:48.964,Ball Receipt*,David Strelec,Center Forward,Slovakia,Slovakia,107.3,35.8,attacking third,central,central attacking third,False,,From Free Kick,,,,,,,,,False,,,,David Strelec receives,[2:50] Foul Won. Ondrej Duda plays long ball through the air to David Strelec. David Strelec receives. David Strelec shoots!. Goalkeeper deals with it.
26,shot_sequence,Shot,5,4,True,3941017,England,Slovakia,3,48,1,00:03:48.964,Shot,David Strelec,Center Forward,Slovakia,Slovakia,107.3,35.8,attacking third,central,central attacking third,False,1.710111,From Free Kick,,,,,0.092393875,Wayward,Right Foot,,False,,,,David Strelec shoots!,[2:50] Foul Won. Ondrej Duda plays long ball through the air to David Strelec. David Strelec receives. David Strelec shoots!. Goalkeeper deals with it.
26,shot_sequence,Shot,5,5,False,3941017,England,Slovakia,3,50,1,00:03:50.674,Goal Keeper,Jordan Pickford,Goalkeeper,England,Slovakia,2.4,41.8,defensive third,central,central defensive third,False,0.0,From Free Kick,,,,,,,,,False,,,,Goalkeeper deals with it,[2:50] Foul Won. Ondrej Duda plays long ball through the air to David Strelec. David Strelec receives. David Strelec shoots!. Goalkeeper deals with it.
27,dribble_sequence,Dribble,5,1,False,3941017,England,Slovakia,5,48,1,00:05:48.075,Pressure,Dávid Hancko,Left Back,Slovakia,England,21.3,4.0,defensive third,right,right defensive third,False,2.287991,From Goal Kick,,,,,,,,,False,,,,Dávid Hancko presses the ball carrier,"[5:48] Dávid Hancko presses the ball carrier. Dribbled Past. Bukayo Saka beats the defender. Bukayo Saka under pressure, carries forward. Dávid Hancko presses Bukayo Saka."
27,dribble_sequence,Dribble,5,2,False,3941017,England,Slovakia,5,50,1,00:05:50.172,Dribbled Past,Dávid Hancko,Left Back,Slovakia,England,9.8,4.0,defensive third,right,right defensive third,False,0.0,From Goal Kick,,,,,,,,,False,,,,Dribbled Past,"[5:48] Dávid Hancko presses the ball carrier. Dribbled Past. Bukayo Saka beats the defender. Bukayo Saka under pressure, carries forward. Dávid Hancko presses Bukayo Saka."
27,dribble_sequence,Dribble,5,3,True,3941017,England,Slovakia,5,50,1,00:05:50.172,Dribble,Bukayo Saka,Right Wing,England,England,110.3,76.1,attacking third,left,left attacking third,True,0.0,From Goal Kick,,,,,,,,Complete,False,,,,Bukayo Saka beats the defender,"[5:48] Dávid Hancko presses the ball carrier. Dribbled Past. Bukayo Saka beats the defender. Bukayo Saka under pressure, carries forward. Dávid Hancko presses Bukayo Saka."
27,dribble_sequence,Dribble,5,4,False,3941017,England,Slovakia,5,50,1,00:05:50.172,Carry,Bukayo Saka,Right Wing,England,England,110.3,76.1,attacking third,left,left attacking third,True,2.49762,From Goal Kick,,,,,,,,,False,118.2,63.5,14.87178536692888,"Bukayo Saka under pressure, carries forward","[5:48] Dávid Hancko presses the ball carrier. Dribbled Past. Bukayo Saka beats the defender. Bukayo Saka under pressure, carries forward. Dávid Hancko presses Bukayo Saka."
27,dribble_sequence,Dribble,5,5,False,3941017,England,Slovakia,5,52,1,00:05:52.333,Pressure,Dávid Hancko,Left Back,Slovakia,England,2.9,13.7,defensive third,right,right defensive third,False,0.446136,From Goal Kick,,,,,,,,,False,,,,Dávid Hancko presses Bukayo Saka,"[5:48] Dávid Hancko presses the ball carrier. Dribbled Past. Bukayo Saka beats the defender. Bukayo Saka under pressure, carries forward. Dávid Hancko presses Bukayo Saka."
28,shot_sequence,Shot,5,1,False,3941017,England,Slovakia,7,28,1,00:07:28.198,Dribbled Past,Kobbie Mainoo,Right Defensive Midfield,England,Slovakia,18.9,46.0,defensive third,central,central defensive third,False,0.0,From Free Kick,,,,,,,,,False,,,,Dribbled Past,"[7:28] Dribbled Past. Lukáš Haraslín beats the defender. Lukáš Haraslín under pressure, carries forward. Lukáš Haraslín shoots - BLOCKED!. BLOCKED by John Stones!."
28,shot_sequence,Shot,5,2,False,3941017,England,Slovakia,7,28,1,00:07:28.198,Dribble,Lukáš Haraslín,Left Wing,Slovakia,Slovakia,101.2,34.1,attacking third,central,central attacking third,True,0.0,From Free Kick,,,,,,,,Complete,False,,,,Lukáš Haraslín beats the defender,"[7:28] Dribbled Past. Lukáš Haraslín beats the defender. Lukáš Haraslín under pressure, carries forward. Lukáš Haraslín shoots - BLOCKED!. BLOCKED by John Stones!."
28,shot_sequence,Shot,5,3,False,3941017,England,Slovakia,7,28,1,00:07:28.198,Carry,Lukáš Haraslín,Left Wing,Slovakia,Slovakia,101.2,34.1,attacking third,central,central attacking third,True,0.365427,From Free Kick,,,,,,,,,False,101.0,34.2,0.22360679774998216,"Lukáš Haraslín under pressure, carries forward","[7:28] Dribbled Past. Lukáš Haraslín beats the defender. Lukáš Haraslín under pressure, carries forward. Lukáš Haraslín shoots - BLOCKED!. BLOCKED by John Stones!."
28,shot_sequence,Shot,5,4,True,3941017,England,Slovakia,7,28,1,00:07:28.564,Shot,Lukáš Haraslín,Left Wing,Slovakia,Slovakia,101.0,34.2,attacking third,central,central attacking third,False,0.172951,From Free Kick,,,,,0.053368397,Blocked,Right Foot,,False,,,,Lukáš Haraslín shoots - BLOCKED!,"[7:28] Dribbled Past. Lukáš Haraslín beats the defender. Lukáš Haraslín under pressure, carries forward. Lukáš Haraslín shoots - BLOCKED!. BLOCKED by John Stones!."
28,shot_sequence,Shot,5,5,False,3941017,England,Slovakia,7,28,1,00:07:28.736,Block,John Stones,Right Center Back,England,Slovakia,16.5,44.9,defensive third,central,central defensive third,False,0.0,From Free Kick,,,,,,,,,False,,,,BLOCKED by John Stones!,"[7:28] Dribbled Past. Lukáš Haraslín beats the defender. Lukáš Haraslín under pressure, carries forward. Lukáš Haraslín shoots - BLOCKED!. BLOCKED by John Stones!."
29,shot_sequence,Shot,5,1,False,3941017,England,Slovakia,8,48,1,00:08:48.186,Pass,Jude Bellingham,Center Attacking Midfield,England,England,83.4,67.5,attacking third,left,left attacking third,False,2.439234,From Goal Kick,Kieran Trippier,42.30981,Low Pass,,,,,,False,,,,Jude Bellingham plays long pass to Kieran Trippier,[8:48] Jude Bellingham plays long pass to Kieran Trippier. Ivan Schranz presses Jude Bellingham. Kieran Trippier receives. Kieran Trippier shoots - just wide!. Goalkeeper deals with it.
29,shot_sequence,Shot,5,2,False,3941017,England,Slovakia,8,50,1,00:08:50.368,Pressure,Ivan Schranz,Right Wing,Slovakia,England,20.9,49.9,defensive third,central,central defensive third,False,0.316615,From Goal Kick,,,,,,,,,False,,,,Ivan Schranz presses Jude Bellingham,[8:48] Jude Bellingham plays long pass to Kieran Trippier. Ivan Schranz presses Jude Bellingham. Kieran Trippier receives. Kieran Trippier shoots - just wide!. Goalkeeper deals with it.
29,shot_sequence,Shot,5,3,False,3941017,England,Slovakia,8,50,1,00:08:50.625,Ball Receipt*,Kieran Trippier,Left Back,England,England,102.8,29.9,attacking third,central,central attacking third,True,,From Goal Kick,,,,,,,,,False,,,,Kieran Trippier receives,[8:48] Jude Bellingham plays long pass to Kieran Trippier. Ivan Schranz presses Jude Bellingham. Kieran Trippier receives. Kieran Trippier shoots - just wide!. Goalkeeper deals with it.
29,shot_sequence,Shot,5,4,True,3941017,England,Slovakia,8,50,1,00:08:50.625,Shot,Kieran Trippier,Left Back,England,England,102.8,29.9,attacking third,central,central attacking third,True,0.936881,From Goal Kick,,,,,0.08902558,Off T,Right Foot,,False,,,,Kieran Trippier shoots - just wide!,[8:48] Jude Bellingham plays long pass to Kieran Trippier. Ivan Schranz presses Jude Bellingham. Kieran Trippier receives. Kieran Trippier shoots - just wide!. Goalkeeper deals with it.
29,shot_sequence,Shot,5,5,False,3941017,England,Slovakia,8,51,1,00:08:51.562,Goal Keeper,Martin Dúbravka,Goalkeeper,Slovakia,England,2.4,41.5,defensive third,central,central defensive third,False,0.0,From Goal Kick,,,,,,,,,False,,,,Goalkeeper deals with it,[8:48] Jude Bellingham plays long pass to Kieran Trippier. Ivan Schranz presses Jude Bellingham. Kieran Trippier receives. Kieran Trippier shoots - just wide!. Goalkeeper deals with it.
30,shot_sequence,Shot,5,1,False,3941017,England,Slovakia,11,19,1,00:11:19.165,Carry,Lukáš Haraslín,Left Wing,Slovakia,Slovakia,92.0,20.8,attacking third,right,right attacking third,True,2.713658,From Goal Kick,,,,,,,,,False,107.1,32.1,18.860010604450885,"Lukáš Haraslín under pressure, carries forward","[11:19] Lukáš Haraslín under pressure, carries forward. Kyle Walker presses Lukáš Haraslín. John Stones presses the ball carrier. Lukáš Haraslín shoots - BLOCKED!. BLOCKED by Marc Guehi!."
30,shot_sequence,Shot,5,2,False,3941017,England,Slovakia,11,19,1,00:11:19.928,Pressure,Kyle Walker,Right Back,England,Slovakia,24.4,57.1,defensive third,left,left defensive third,False,0.73522,From Goal Kick,,,,,,,,,False,,,,Kyle Walker presses Lukáš Haraslín,"[11:19] Lukáš Haraslín under pressure, carries forward. Kyle Walker presses Lukáš Haraslín. John Stones presses the ball carrier. Lukáš Haraslín shoots - BLOCKED!. BLOCKED by Marc Guehi!."
30,shot_sequence,Shot,5,3,False,3941017,England,Slovakia,11,21,1,00:11:21.505,Pressure,John Stones,Right Center Back,England,Slovakia,14.3,50.3,defensive third,central,central defensive third,False,0.348005,From Goal Kick,,,,,,,,,False,,,,John Stones presses the ball carrier,"[11:19] Lukáš Haraslín under pressure, carries forward. Kyle Walker presses Lukáš Haraslín. John Stones presses the ball carrier. Lukáš Haraslín shoots - BLOCKED!. BLOCKED by Marc Guehi!."
30,shot_sequence,Shot,5,4,True,3941017,England,Slovakia,11,21,1,00:11:21.879,Shot,Lukáš Haraslín,Left Wing,Slovakia,Slovakia,107.1,32.1,attacking third,central,central attacking third,False,0.099523,From Goal Kick,,,,,0.079396516,Blocked,Right Foot,,False,,,,Lukáš Haraslín shoots - BLOCKED!,"[11:19] Lukáš Haraslín under pressure, carries forward. Kyle Walker presses Lukáš Haraslín. John Stones presses the ball carrier. Lukáš Haraslín shoots - BLOCKED!. BLOCKED by Marc Guehi!."
30,shot_sequence,Shot,5,5,False,3941017,England,Slovakia,11,21,1,00:11:21.978,Block,Marc Guehi,Left Center Back,England,Slovakia,11.3,47.0,defensive third,central,central defensive third,False,0.0,From Goal Kick,,,,,,,,,False,,,,BLOCKED by Marc Guehi!,"[11:19] Lukáš Haraslín under pressure, carries forward. Kyle Walker presses Lukáš Haraslín. John Stones presses the ball carrier. Lukáš Haraslín shoots - BLOCKED!. BLOCKED by Marc Guehi!."
