match_id,minute,period,event_index,home_team,away_team,home_score,away_score,stage,detected_type,player,team,location,event_count,play_patterns,event_types,rule_based_commentary,sequence_commentary,llm_commentary,model,generated_at,v2_domination_team,v2_domination_streak,v2_most_active_player,v2_most_active_count,v2_multi_events_scenario,v2_multi_events_count,event_distance,event_stage_info,event_phase,event_period,event_stage,has_chain,event_delivered_by,event_conceded_by,event_committed_by,event_committed_team,event_fouled_player,event_fouled_team,event_is_dangerous,event_danger_context,event_foul_committed_by,event_foul_committed_team,event_injured_player,event_injured_team,event_has_substitution,event_outcome,event_body_part,event_technique,event_xG,event_assisted_by,event_blocked_by,chain_events,event_carded_player,event_carded_team,event_reason,event_saved_by,event_player_off,event_substitution_info,event_scorer
3943043,0,1,0,Spain,England,0,0,Final,Kick Off,,England,,35,"From Goal Kick(15), From Throw In(11), From Kick Off(5), Regular Play(4)","Pass(9), Ball Receipt*(8), Carry(7), Pressure(3), Starting XI(2)",Half Start,"[0:00] Starting XI . Starting XI, Half Start . Half Start . üèÜ THE EURO 2024 MATCH IS UNDERWAY! Welcome for this clash between England and Spain. Both teams have fought hard to reach this stage of Euro 2024. We're all set for kick-off! Kobbie Mainoo under pressure, plays a long pass back along the ground to Jordan Pickford",[Kick Off] First Half begins. Euro 2024 Final! Spain versus England.,gpt-4o-mini,2025-12-09T10:30:25.359866,,0,Daniel Carvajal Ramos,7,,0,,This is the Final!,Final MATCH - First Half begins,1.0,Final,False,,,,,,,,,,,,,,,,,,,,,,,,,,,
3943043,1,1,0,Spain,England,0,0,Final,General,Daniel Olmo Carvajal,Spain,left side of the box,52,"From Throw In(27), Regular Play(25)","Carry(14), Ball Receipt*(12), Pass(11), Pressure(7), Duel(4)",Daniel Olmo Carvajal closes down Luke Shaw,"[1:31] Luke Shaw under pressure, carries the ball under pressure, plays a short pass along the ground to Declan Rice . Daniel Olmo Carvajal closes down Luke Shaw . Declan Rice under pressure, carries the ball under pressure, plays a short pass along the ground to Jude Bellingham",[General] Spain maintaining control in midfield. Carvajal very active early on.,gpt-4o-mini,2025-12-09T10:30:26.143522,,0,Daniel Carvajal Ramos,9,,0,outside the box,,,,,False,,,,,,,,,,,,,,,,,,,,,,,,,,,
3943043,2,1,0,Spain,England,0,0,Final,General,Harry Kane,England,right side of the box,41,From Throw In(41),"Pass(14), Ball Receipt*(13), Carry(10), Pressure(3), Ball Recovery(1)",Harry Kane closes down Robin Aime Robert Le Normand,"[2:43] Harry Kane closes down Robin Aime Robert Le Normand . Robin Aime Robert Le Normand under pressure, plays a medium pass back along the ground to Unai Sim√≥n Mendibil, Unai Sim√≥n Mendibil under pressure, carries the ball from the left defensive third into the central defensive third under pressure, plays a medium pass forward along the ground to Aymeric Laporte, Aymeric Laporte under pressure, carries the ball from the central defensive third into the right defensive third",[General] Spain completely dominant in the opening minutes. Le Normand very active in defense.,gpt-4o-mini,2025-12-09T10:30:29.186635,Spain,2,Robin Aime Robert Le Normand,15,,0,long range,,,,,False,,,,,,,,,,,,,,,,,,,,,,,,,,,
3943043,3,1,0,Spain,England,0,0,Final,General,Nicholas Williams Arthuer,Spain,right side of the box,63,"Regular Play(53), From Throw In(10)","Ball Receipt*(17), Carry(17), Pass(17), Pressure(5), Block(2)",Nicholas Williams Arthuer closes down Kyle Walker,"[3:08] Phil Foden under pressure, carries the ball under pressure, plays a long pass back along the ground to Jordan Pickford . Daniel Olmo Carvajal closes down Phil Foden . Jordan Pickford under pressure, carries the ball under pressure, plays a medium pass along the ground to Kyle Walker",[General] Spain dominating possession in midfield for the last 3 minutes. Robin Le Normand very active.,gpt-4o-mini,2025-12-09T10:30:31.071708,Spain,3,Robin Aime Robert Le Normand,11,,0,edge of the box,,,,,False,,,,,,,,,,,,,,,,,,,,,,,,,,,
3943043,4,1,0,Spain,England,0,0,Final,Corner,Nicholas Williams Arthuer,Spain,six yard box,28,"Regular Play(22), From Corner(6)","Pass(9), Ball Receipt*(6), Carry(4), Clearance(4), Duel(2)","Nicholas Williams Arthuer under pressure, delivers the corner a dangerous long ball through the air to Daniel Carvajal Ramos into the central attacking third, but the pass doesn't find its target","[4:47] Nicholas Williams Arthuer under pressure, delivers the corner a dangerous long ball through the air to Daniel Carvajal Ramos into the central attacking third, but the pass doesn't find its target, Daniel Carvajal Ramos receives under pressure in the central attacking third in the duel . Jude Bellingham clears the danger, Phil Foden clears the danger","[Corner] Corner, Spain. Conceded by John Stones (England).",gpt-4o-mini,2025-12-09T10:30:32.830195,Spain,3,Nicholas Williams Arthuer,5,,0,close range,,,,,False,Nicholas Williams Arthuer,John Stones,,,,,,,,,,,,,,,,,,,,,,,,,
3943043,5,1,0,Spain,England,0,0,Final,General,Marc Cucurella Saseta,Spain,right side of the box,55,Regular Play(55),"Ball Receipt*(17), Carry(17), Pass(16), Pressure(3), Block(1)","Marc Cucurella Saseta under pressure, plays a dangerous medium pass back along the ground to Fabi√°n Ruiz Pe√±a into the DANGER ZONE","[5:33] Marc Cucurella Saseta under pressure, plays a dangerous medium pass back along the ground to Fabi√°n Ruiz Pe√±a into the DANGER ZONE, Fabi√°n Ruiz Pe√±a under pressure, carries the ball - BUT LOSES IT! . Bukayo Saka closes down Fabi√°n Ruiz Pe√±a . Fabi√°n Ruiz Pe√±a under MASSIVE pressure, plays a medium pass back along the ground to Aymeric Laporte, Aymeric Laporte under pressure, carries the ball",[General] Spain dominating possession in midfield for the last three minutes. Fabi√°n Ruiz very active.,gpt-4o-mini,2025-12-09T10:30:34.739800,Spain,3,Fabi√°n Ruiz Pe√±a,12,,0,outside the box,,,,,False,,,,,,,,,,,,,,,,,,,,,,,,,,,
3943043,6,1,0,Spain,England,0,0,Final,General,Jude Bellingham,England,defensive half,61,Regular Play(61),"Pass(21), Ball Receipt*(20), Carry(17), Pressure(3)",Jude Bellingham closes down Daniel Carvajal Ramos,"[6:47] Aymeric Laporte under pressure, carries the ball under pressure, plays a medium pass along the ground to Robin Aime Robert Le Normand, Robin Aime Robert Le Normand under pressure, carries the ball under pressure, plays a medium pass forward along the ground to Daniel Carvajal Ramos into the left attacking third, Daniel Carvajal Ramos under pressure, carries the ball - BUT LOSES IT!",[General] Spain dominating possession in midfield for the last three minutes. Robin Le Normand very active.,gpt-4o-mini,2025-12-09T10:30:36.278750,Spain,3,Robin Aime Robert Le Normand,21,,0,long range,,,,,False,,,,,,,,,,,,,,,,,,,,,,,,,,,
3943043,7,1,0,Spain,England,0,0,Final,General,Fabi√°n Ruiz Pe√±a,Spain,six yard box,50,"Regular Play(45), From Throw In(5)","Pass(16), Ball Receipt*(14), Carry(7), Pressure(5), Interception(2)",Crucial block by Fabi√°n Ruiz Pe√±a!,"[7:13] Declan Rice under pressure, carries the ball from the central defensive third into the left defensive third - BUT LOSES IT! . Fabi√°n Ruiz Pe√±a closes down Declan Rice is beaten by Fabi√°n Ruiz Pe√±a! . Declan Rice takes on the defender under pressure, drives forward with the ball - BUT LOSES IT!",[General] Spain dominating possession in midfield for the last three minutes. Fabi√°n Ruiz very active.,gpt-4o-mini,2025-12-09T10:30:37.129012,Spain,3,Fabi√°n Ruiz Pe√±a,13,,0,close range,,,,,False,,,,,,,,,,,,,,,,,,,,,,,,,,,
3943043,8,1,0,Spain,England,0,0,Final,General,Jordan Pickford,England,defensive half,41,"From Throw In(23), Regular Play(11), From Counter(7)","Ball Receipt*(14), Pass(13), Carry(9), Pressure(2), Block(2)","Jordan Pickford under pressure, carries the ball - BUT LOSES IT!","[8:58] Jordan Pickford under pressure, carries the ball - BUT LOSES IT! . √Ålvaro Borja Morata Mart√≠n closes down Jordan Pickford . Jordan Pickford under pressure, plays a long ball forward through the air to Bukayo Saka, Bukayo Saka under pressure, carries the ball - BUT LOSES IT! . Marc Cucurella Saseta closes down Bukayo Saka",[General] Spain dominating possession in midfield for the last three minutes. Robin Le Normand very active.,gpt-4o-mini,2025-12-09T10:30:38.231682,Spain,3,Robin Aime Robert Le Normand,6,,0,long range,,,,,False,,,,,,,,,,,,,,,,,,,,,,,,,,,
3943043,9,1,0,Spain,England,0,0,Final,Foul,Jude Bellingham,England,midfield,24,From Throw In(24),"Pass(7), Ball Receipt*(6), Carry(5), Pressure(4), Foul Committed(1)",Jude Bellingham is fouled,"[9:29] Jude Bellingham is fouled, Luke Shaw under pressure, delivers the free kick a long ball forward through the air into the left attacking third, ‚ö†Ô∏è FOUL by Marc Guehi in the central attacking third",[Foul] Foul by Rodrigo Hern√°ndez (Spain) on Jude Bellingham (England) in midfield.,gpt-4o-mini,2025-12-09T10:30:39.182088,,0,,0,,0,long range,,,,,False,,,Rodrigo Hern√°ndez Cascante,Spain,Jude Bellingham,England,True,,,,,,,,,,,,,,,,,,,,
3943043,10,1,0,Spain,England,0,0,Final,Free Kick,Luke Shaw,England,defensive half,27,From Free Kick(27),"Pass(10), Ball Receipt*(8), Carry(7), Foul Committed(1), Foul Won(1)","Luke Shaw under pressure, delivers the free kick a long ball forward through the air into the left attacking third","[9:29] Jude Bellingham is fouled, Luke Shaw under pressure, delivers the free kick a long ball forward through the air into the left attacking third, ‚ö†Ô∏è FOUL by Marc Guehi in the central attacking third","[Free Kick] Free kick to Spain, fouled by Marc Guehi on Aymeric Laporte.",gpt-4o-mini,2025-12-09T10:30:40.458070,,0,Aymeric Laporte,8,,0,long range,,,,,False,,,,,Aymeric Laporte,Spain,,,Marc Guehi,England,,,,,,,,,,,,,,,,,
3943043,11,1,0,Spain,England,0,0,Final,Injury,Kyle Walker,England,,16,From Free Kick(16),"Ball Receipt*(4), Pass(3), Carry(3), Ball Recovery(1), Pressure(1)",‚è∏Ô∏è PLAY STOPPED - Kyle Walker (England) is down injured,"[11:13] Crucial block by John Stones!, The goalkeeper deals with it, ‚è∏Ô∏è PLAY STOPPED - Kyle Walker (England) is down injured . Nicholas Williams Arthuer under pressure, delivers the corner a dangerous long ball through the air to Rodrigo Hern√°ndez Cascante into the central attacking third, Rodrigo Hern√°ndez Cascante receives under pressure in the central attacking third",[Injury] Kyle Walker (England) is down with an injury. Medical staff attending to him.,gpt-4o-mini,2025-12-09T10:30:41.273334,,0,,0,,0,,,,,,False,,,,,,,,,,,Kyle Walker,England,False,,,,,,,,,,,,,,
3943043,12,1,0,Spain,England,0,0,Final,Shot (Off T),Robin Aime Robert Le Normand,Spain,centre of the box,8,From Corner(8),"Pass(2), Ball Receipt*(2), Duel(1), Pressure(1), Shot(1)","Robin Aime Robert Le Normand under pressure, shoots with the right foot from a DANGEROUS position (7m out!) - just wide!","[11:13] Crucial block by John Stones!, The goalkeeper deals with it, ‚è∏Ô∏è PLAY STOPPED - Kyle Walker (England) is down injured . Nicholas Williams Arthuer under pressure, delivers the corner a dangerous long ball through the air to Rodrigo Hern√°ndez Cascante into the central attacking third, Rodrigo Hern√°ndez Cascante receives under pressure in the central attacking third",[Shot Missed] Attempt missed. Robin Le Normand (Spain) right footed shot from the centre of the box goes wide.,gpt-4o-mini,2025-12-09T10:30:42.561896,Spain,2,,0,,0,inside the box,,,,,False,,,,,,,,,,,,,,Off T,Right Foot,Overhead Kick,0.11746518,Robin Aime Robert Le Normand,,,,,,,,,
3943043,13,1,0,Spain,England,0,0,Final,General,√Ålvaro Borja Morata Mart√≠n,Spain,centre of the box,34,"Regular Play(33), From Goal Kick(1)","Pass(12), Ball Receipt*(11), Carry(9), Ball Recovery(1), Clearance(1)",√Ålvaro Borja Morata Mart√≠n receives under pressure in the central attacking third,"[13:44] Aymeric Laporte under pressure, carries the ball from the central midfield into the right midfield under pressure, plays a long pass forward along the ground to Nicholas Williams Arthuer into the right attacking third, Nicholas Williams Arthuer under pressure, drives forward with the ball under pressure, plays a dangerous medium pass through the air to √Ålvaro Borja Morata Mart√≠n into the central attacking third, but the pass doesn't find its target, √Ålvaro Borja Morata Mart√≠n receives un",[General] Spain dominating possession in the last three minutes. Robin Le Normand very active.,gpt-4o-mini,2025-12-09T10:30:43.361486,Spain,3,Robin Aime Robert Le Normand,6,,0,inside the box,,,,,False,,,,,,,,,,,,,,,,,,,,,,,,,,,
3943043,14,1,0,Spain,England,0,0,Final,General,Phil Foden,England,centre of the box,24,"From Throw In(19), Regular Play(5)","Pass(6), Ball Receipt*(6), Pressure(4), Carry(4), Block(1)",Phil Foden receives under pressure in the central attacking third,"[14:38] Bukayo Saka under pressure, carries the ball from the central attacking third into the left attacking third under pressure, plays a dangerous medium pass forward along the ground to Kyle Walker into the DANGER ZONE, Kyle Walker receives under pressure in the left attacking third under pressure, carries the ball under pressure, plays a dangerous short pass to Phil Foden into the central attacking third, but the pass doesn't find its target",[General] Spain dominating possession in midfield for the last three minutes. Phil Foden (England) very active.,gpt-4o-mini,2025-12-09T10:30:44.357055,Spain,3,Phil Foden,5,,0,inside the box,,,,,False,,,,,,,,,,,,,,,,,,,,,,,,,,,
3943043,15,1,0,Spain,England,0,0,Final,Corner,Phil Foden,England,six yard box,35,From Corner(35),"Pass(10), Carry(10), Ball Receipt*(9), Pressure(4), Clearance(1)","Phil Foden under pressure, delivers the corner a dangerous long pass  into the central attacking third, INTERCEPTED! England loses the ball","[14:38] Bukayo Saka under pressure, carries the ball from the central attacking third into the left attacking third under pressure, plays a dangerous medium pass forward along the ground to Kyle Walker into the DANGER ZONE, Kyle Walker receives under pressure in the left attacking third under pressure, carries the ball under pressure, plays a dangerous short pass to Phil Foden into the central attacking third, but the pass doesn't find its target","[Corner] Corner, England. Conceded by Aymeric Laporte. Phil Foden to deliver.",gpt-4o-mini,2025-12-09T10:30:46.422757,,0,Declan Rice,6,,0,close range,,,,,False,Phil Foden,Aymeric Laporte,,,,,,,,,,,,,,,,,,,,,,,,,
3943043,16,1,0,Spain,England,0,0,Final,Shot (Blocked),Declan Rice,England,edge of the box,61,"From Corner(57), Regular Play(4)","Pass(17), Ball Receipt*(14), Carry(11), Pressure(8), Block(3)","Declan Rice under pressure, shoots with the right foot from a DANGEROUS position - BLOCKED!","[16:10] Bukayo Saka surges forward on a BRILLIANT run from the left midfield into the left attacking third - BUT LOSES IT! . Marc Cucurella Saseta closes down Bukayo Saka . Bukayo Saka under pressure, delivers the corner a dangerous medium pass back along the ground to Declan Rice into the central attacking third . Rodrigo Hern√°ndez Cascante closes down Bukayo Saka . Declan Rice receives under pressure in the central attacking third",[Shot Blocked] Attempt blocked. Declan Rice (England) right footed shot from the edge of the box blocked by Rodri (Spain).,gpt-4o-mini,2025-12-09T10:30:47.235041,England,2,Jude Bellingham,7,,0,outside the box,,,,,True,,,,,,,,,,,,,,Blocked,Right Foot,Normal,0.0489952,Declan Rice,Rodrigo Hern√°ndez Cascante,Corner,,,,,,,
3943043,17,1,0,Spain,England,0,0,Final,General,Kobbie Mainoo,England,right side of the box,38,"From Throw In(34), Regular Play(4)","Pass(13), Ball Receipt*(12), Carry(11), Block(1), Pressure(1)",Kobbie Mainoo closes down Daniel Carvajal Ramos,"[16:56] Daniel Olmo Carvajal under pressure, drives forward with the ball from the central defensive third into the left defensive third under pressure, plays a medium pass along the ground to Lamine Yamal Nasraoui Ebana, Lamine Yamal Nasraoui Ebana under pressure, carries the ball under pressure, plays a short pass, INTERCEPTED! Spain loses the ball . Crucial block by Luke Shaw!",[General] England dominating possession in the last three minutes. Aymeric Laporte active defensively for Spain.,gpt-4o-mini,2025-12-09T10:30:48.229742,England,3,Aymeric Laporte,12,,0,long range,,,,,False,,,,,,,,,,,,,,,,,,,,,,,,,,,
3943043,18,1,0,Spain,England,0,0,Final,General,√Ålvaro Borja Morata Mart√≠n,Spain,edge of the box,33,"From Throw In(31), From Keeper(2)","Ball Receipt*(10), Pass(10), Carry(9), Pressure(2), Clearance(1)",√Ålvaro Borja Morata Mart√≠n receives under pressure in the central attacking third,"[17:59] Aymeric Laporte under pressure, plays a medium pass forward along the ground to Daniel Olmo Carvajal, Daniel Olmo Carvajal under pressure, carries the ball from the right midfield into the right attacking third under pressure, plays a medium pass along the ground to √Ålvaro Borja Morata Mart√≠n into the central attacking third, but the pass doesn't find its target, Lamine Yamal Nasraoui Ebana closes down the ball carrier, √Ålvaro Borja Morata Mart√≠n receives under pressure in the central at","[General] Spain maintaining control in midfield. Fabi√°n Ruiz very active, dominating possession.",gpt-4o-mini,2025-12-09T10:30:49.104056,,0,Fabi√°n Ruiz Pe√±a,9,,0,outside the box,,,,,False,,,,,,,,,,,,,,,,,,,,,,,,,,,
3943043,19,1,0,Spain,England,0,0,Final,Foul,Daniel Olmo Carvajal,Spain,midfield,47,"From Throw In(38), From Keeper(9)","Pass(13), Carry(13), Ball Receipt*(11), Pressure(5), Ball Recovery(1)",Daniel Olmo Carvajal is fouled,"[19:29] Daniel Olmo Carvajal is fouled under pressure, carries the ball under pressure, plays a short pass along the ground to Fabi√°n Ruiz Pe√±a, Fabi√°n Ruiz Pe√±a under pressure, carries the ball - BUT LOSES IT! . Kobbie Mainoo closes down Fabi√°n Ruiz Pe√±a",[Foul] Foul by Declan Rice (England) on Daniel Olmo (Spain) in midfield.,gpt-4o-mini,2025-12-09T10:30:50.103989,Spain,2,Daniel Olmo Carvajal,8,,0,long range,,,,,False,,,Declan Rice,England,Daniel Olmo Carvajal,Spain,True,,,,,,,,,,,,,,,,,,,,
3943043,20,1,0,Spain,England,0,0,Final,Foul,Marc Cucurella Saseta,Spain,defensive half,58,"From Throw In(48), Regular Play(10)","Ball Receipt*(17), Carry(17), Pass(16), Pressure(5), Foul Committed(1)",Marc Cucurella Saseta is fouled,"[20:03] Marc Cucurella Saseta is fouled under pressure, carries the ball under pressure, plays a long pass back along the ground to Aymeric Laporte, Aymeric Laporte under pressure, carries the ball under pressure, plays a medium pass forward along the ground to Rodrigo Hern√°ndez Cascante",[Foul] Foul by Bukayo Saka (England) on Marc Cucurella (Spain) in the defensive half.,gpt-4o-mini,2025-12-09T10:30:51.166721,Spain,3,Aymeric Laporte,15,,0,long range,,,,,False,,,Bukayo Saka,England,Marc Cucurella Saseta,Spain,True,,,,,,,,,,,,,,,,,,,,
3943043,21,1,0,Spain,England,0,0,Final,Free Kick,Jordan Pickford,England,defensive half,20,"From Free Kick(14), Regular Play(6)","Pass(7), Ball Receipt*(6), Duel(3), Carry(1), Pressure(1)","Jordan Pickford under pressure, delivers the free kick a long ball forward through the air to Harry Kane into the central attacking third, but the pass doesn't find its target","[21:01] Phil Foden is fouled, Jordan Pickford under pressure, delivers the free kick a long ball forward through the air to Harry Kane into the central attacking third, but the pass doesn't find its target, Harry Kane in the duel . Aymeric Laporte under pressure, delivers the free kick a short pass forward through the air to Daniel Olmo Carvajal, but the pass doesn't find its target . Declan Rice under pressure, delivers the free kick a short pass through the air to Harry Kane into the central a","[Free Kick] Phil Foden (England) wins a free kick in the defensive half, fouled by Marc Cucurella (Spain).",gpt-4o-mini,2025-12-09T10:30:52.343454,Spain,3,,0,,0,long range,,,,,False,,,,,Phil Foden,England,,,Marc Cucurella Saseta,Spain,,,,,,,,,,,,,,,,,
3943043,22,1,0,Spain,England,0,0,Final,Free Kick,Daniel Olmo Carvajal,Spain,midfield,50,"Regular Play(20), From Throw In(18), From Keeper(8), From Free Kick(4)","Ball Receipt*(14), Pass(14), Carry(8), Pressure(7), Duel(2)",Daniel Olmo Carvajal receives,"[21:56] John Stones under pressure, delivers the free kick a medium pass forward through the air to Phil Foden into the central attacking third, INTERCEPTED! England loses the ball . √Ålvaro Borja Morata Mart√≠n in the duel, Robin Aime Robert Le Normand under pressure, delivers the free kick a medium pass forward through the air to Daniel Olmo Carvajal, but the pass doesn't find its target . Declan Rice under pressure, delivers the free kick a medium pass forward through the air to Phil Foden into",[Free Kick] Daniel Olmo (Spain) wins a free kick in midfield.,gpt-4o-mini,2025-12-09T10:30:53.232066,,0,Daniel Olmo Carvajal,6,,0,long range,,,,,False,,,,,Daniel Olmo Carvajal,Spain,,,,,,,,,,,,,,,,,,,,,
3943043,23,1,0,Spain,England,0,0,Final,Corner,Lamine Yamal Nasraoui Ebana,Spain,six yard box,10,From Corner(10),"Pass(2), Ball Receipt*(2), Clearance(1), Ball Recovery(1), Carry(1)","Lamine Yamal Nasraoui Ebana under pressure, delivers the corner a dangerous medium pass back along the ground to Nicholas Williams Arthuer into the DANGER ZONE","[22:54] Daniel Olmo Carvajal under pressure, carries the ball under pressure, plays a short pass along the ground to Lamine Yamal Nasraoui Ebana into the left attacking third, Lamine Yamal Nasraoui Ebana receives under pressure in the left attacking third under pressure, carries the ball - BUT LOSES IT! . Phil Foden closes down Lamine Yamal Nasraoui Ebana","[Corner] Corner, Spain. Conceded by Marc Guehi (England).",gpt-4o-mini,2025-12-09T10:30:54.322006,,0,,0,,0,close range,,,,,False,Lamine Yamal Nasraoui Ebana,Marc Guehi,,,,,,,,,,,,,,,,,,,,,,,,,
3943043,24,1,0,Spain,England,0,0,Final,Yellow Card,Harry Kane,England,edge of the box,53,"From Free Kick(28), Regular Play(25)","Pass(10), Ball Receipt*(10), Pressure(9), Carry(9), Duel(3)",‚ö†Ô∏è FOUL by Harry Kane in the central attacking third - YELLOW CARD for Harry Kane!,"[24:36] Harry Kane under pressure, carries the ball - BUT LOSES IT! . Daniel Olmo Carvajal closes down Harry Kane . Harry Kane under MASSIVE pressure, plays a short pass along the ground to Phil Foden, but the pass doesn't find its target ‚ö†Ô∏è FOUL by Harry Kane in the central attacking third - YELLOW CARD for Harry Kane!",[Yellow Card] Harry Kane (England) is shown a yellow card for a bad foul on Fabi√°n Ruiz (Spain).,gpt-4o-mini,2025-12-09T10:30:56.773080,Spain,2,Kobbie Mainoo,7,,0,long range,,,,,False,,,,,Fabi√°n Ruiz Pe√±a,Spain,,,,,,,,,,,,,,,Harry Kane,England,bad foul,,,,
3943043,25,1,0,Spain,England,0,0,Final,Injury,Kobbie Mainoo,England,,2,Regular Play(2),Injury Stoppage(2),‚è∏Ô∏è PLAY STOPPED - Kobbie Mainoo (England) is down injured,"[24:38] Fabi√°n Ruiz Pe√±a is fouled . ‚è∏Ô∏è PLAY STOPPED - Kobbie Mainoo (England) is down injured . ‚è∏Ô∏è PLAY STOPPED - Fabi√°n Ruiz Pe√±a (Spain) is down injured, Unai Sim√≥n Mendibil under pressure, delivers the free kick a short pass along the ground to Aymeric Laporte",[Injury] Kobbie Mainoo (England) down with an injury. Medical staff attending to him.,gpt-4o-mini,2025-12-09T10:30:57.879045,,0,,0,,0,,,,,,False,,,,,,,,,,,Kobbie Mainoo,England,False,,,,,,,,,,,,,,
3943043,25,1,1,Spain,England,0,0,Final,Injury,Fabi√°n Ruiz Pe√±a,Spain,,2,Regular Play(2),Injury Stoppage(2),‚è∏Ô∏è PLAY STOPPED - Fabi√°n Ruiz Pe√±a (Spain) is down injured,"[24:38] Fabi√°n Ruiz Pe√±a is fouled . ‚è∏Ô∏è PLAY STOPPED - Kobbie Mainoo (England) is down injured . ‚è∏Ô∏è PLAY STOPPED - Fabi√°n Ruiz Pe√±a (Spain) is down injured, Unai Sim√≥n Mendibil under pressure, delivers the free kick a short pass along the ground to Aymeric Laporte","[Injury] Fabi√°n Ruiz (Spain) down with an injury, receiving medical attention.",gpt-4o-mini,2025-12-09T10:30:58.727262,,0,,0,,0,,,,,,False,,,,,,,,,,,Fabi√°n Ruiz Pe√±a,Spain,False,,,,,,,,,,,,,,
3943043,26,1,0,Spain,England,0,0,Final,Free Kick,Unai Sim√≥n Mendibil,Spain,defensive half,44,"From Free Kick(31), From Throw In(13)","Pass(13), Ball Receipt*(12), Carry(11), Pressure(3), Block(2)","Unai Sim√≥n Mendibil under pressure, delivers the free kick a short pass along the ground to Aymeric Laporte","[24:38] Fabi√°n Ruiz Pe√±a is fouled . ‚è∏Ô∏è PLAY STOPPED - Kobbie Mainoo (England) is down injured . ‚è∏Ô∏è PLAY STOPPED - Fabi√°n Ruiz Pe√±a (Spain) is down injured, Unai Sim√≥n Mendibil under pressure, delivers the free kick a short pass along the ground to Aymeric Laporte",[Free Kick] Unai Sim√≥n (Spain) wins a free kick in the defensive half.,gpt-4o-mini,2025-12-09T10:31:00.268602,England,2,Aymeric Laporte,9,,0,long range,,,,,False,,,,,Unai Sim√≥n Mendibil,Spain,,,,,,,,,,,,,,,,,,,,,
3943043,27,1,0,Spain,England,0,0,Final,Shot (Saved),Fabi√°n Ruiz Pe√±a,Spain,edge of the box,50,"From Throw In(38), From Keeper(11), Regular Play(1)","Pass(14), Ball Receipt*(13), Carry(12), Pressure(6), Block(2)","Fabi√°n Ruiz Pe√±a under MASSIVE pressure, shoots with the right foot from a DANGEROUS position - SAVED by the goalkeeper! Parried away!","[27:17] Marc Guehi clears the danger . Rodrigo Hern√°ndez Cascante under pressure, plays a short pass to Daniel Carvajal Ramos, Daniel Carvajal Ramos under pressure, carries the ball under pressure, plays a medium pass along the ground to Fabi√°n Ruiz Pe√±a, Fabi√°n Ruiz Pe√±a under pressure, drives forward with the ball from the left attacking third into the central attacking third - BUT LOSES IT!","[Shot Saved] Attempt saved. Fabi√°n Ruiz (Spain) right footed shot from the edge of the box, saved by Jordan Pickford.",gpt-4o-mini,2025-12-09T10:31:01.107504,,0,Fabi√°n Ruiz Pe√±a,9,,0,outside the box,,,,,False,,,,,,,,,,,,,,Saved,Right Foot,Normal,0.048117142,,,,,,,Jordan Pickford,,,
3943043,28,1,0,Spain,England,0,0,Final,General,Jude Bellingham,England,right side of the box,45,"From Keeper(35), From Throw In(10)","Carry(11), Ball Receipt*(10), Pass(9), Pressure(5), Duel(3)",Jude Bellingham in the duel,"[28:48] Fabi√°n Ruiz Pe√±a under pressure, carries the ball - BUT LOSES IT! . Jude Bellingham closes down Fabi√°n Ruiz Pe√±a is beaten by Jude Bellingham! . Fabi√°n Ruiz Pe√±a takes on the defender under pressure, carries the ball - BUT LOSES IT!",[General] Spain dominating possession in midfield for the last two minutes.,gpt-4o-mini,2025-12-09T10:31:01.851184,Spain,2,Jude Bellingham,13,,0,outside the box,,,,,False,,,,,,,,,,,,,,,,,,,,,,,,,,,
3943043,29,1,0,Spain,England,0,0,Final,Yellow Card,Daniel Olmo Carvajal,Spain,edge of the box,63,"Regular Play(49), From Throw In(14)","Pass(19), Ball Receipt*(18), Carry(13), Pressure(6), Ball Recovery(3)",‚ö†Ô∏è FOUL by Daniel Olmo Carvajal in the central attacking third - YELLOW CARD for Daniel Olmo Carvajal!,"[29:56] Daniel Olmo Carvajal under pressure, carries the ball ‚ö†Ô∏è FOUL by Daniel Olmo Carvajal in the central attacking third - YELLOW CARD for Daniel Olmo Carvajal!",[Yellow Card] Daniel Olmo (Spain) is shown the yellow card for a bad foul on Declan Rice (England).,gpt-4o-mini,2025-12-09T10:31:03.212447,,0,Declan Rice,6,,0,long range,,,,,False,,,,,Declan Rice,England,,,,,,,,,,,,,,,Daniel Olmo Carvajal,Spain,bad foul,,,,
3943043,29,1,1,Spain,England,0,0,Final,Injury,Declan Rice,England,,63,"Regular Play(49), From Throw In(14)","Pass(19), Ball Receipt*(18), Carry(13), Pressure(6), Ball Recovery(3)",‚è∏Ô∏è PLAY STOPPED - Declan Rice (England) is down injured,"[29:57] Declan Rice is fouled ‚è∏Ô∏è PLAY STOPPED - Declan Rice (England) is down injured, John Stones under pressure, delivers the free kick a medium pass back along the ground to Jordan Pickford, Jordan Pickford under pressure, carries the ball - BUT LOSES IT! . Daniel Olmo Carvajal closes down Jordan Pickford",[Injury] Declan Rice (England) is down with an injury. Medical staff attending.,gpt-4o-mini,2025-12-09T10:31:04.119862,,0,Declan Rice,6,,0,,,,,,False,,,,,,,,,,,Declan Rice,England,False,,,,,,,,,,,,,,
3943043,31,1,0,Spain,England,0,0,Final,Free Kick,John Stones,England,midfield,18,From Free Kick(18),"Pass(4), Ball Receipt*(4), Carry(4), Pressure(4), Foul Committed(1)","John Stones under pressure, delivers the free kick a medium pass back along the ground to Jordan Pickford","[29:57] Declan Rice is fouled ‚è∏Ô∏è PLAY STOPPED - Declan Rice (England) is down injured, John Stones under pressure, delivers the free kick a medium pass back along the ground to Jordan Pickford, Jordan Pickford under pressure, carries the ball - BUT LOSES IT! . Daniel Olmo Carvajal closes down Jordan Pickford","[Free Kick] Free kick to England, fouled by Rodrigo Hern√°ndez (Spain) on Jude Bellingham.",gpt-4o-mini,2025-12-09T10:31:05.193809,,0,,0,,0,long range,,,,,False,,,,,Jude Bellingham,England,,,Rodrigo Hern√°ndez Cascante,Spain,,,,,,,,,,,,,,,,,
3943043,32,1,0,Spain,England,0,0,Final,Injury,Phil Foden,England,,40,"Other(17), Regular Play(13), From Free Kick(10)","Pass(8), Ball Receipt*(8), Carry(8), Pressure(7), Ball Recovery(2)",‚è∏Ô∏è PLAY STOPPED - Phil Foden (England) is down injured,[32:22] ‚è∏Ô∏è PLAY STOPPED - Phil Foden (England) is down injured . ‚è∏Ô∏è PLAY STOPPED - Fabi√°n Ruiz Pe√±a (Spain) is down injured . Referee drops the ball,[Injury] Phil Foden (England) is down with an injury. Medical staff attending.,gpt-4o-mini,2025-12-09T10:31:06.198486,,0,Unai Sim√≥n Mendibil,6,,0,,,,,,False,,,,,,,,,,,Phil Foden,England,False,,,,,,,,,,,,,,
3943043,32,1,1,Spain,England,0,0,Final,Injury,Fabi√°n Ruiz Pe√±a,Spain,,40,"Other(17), Regular Play(13), From Free Kick(10)","Pass(8), Ball Receipt*(8), Carry(8), Pressure(7), Ball Recovery(2)",‚è∏Ô∏è PLAY STOPPED - Fabi√°n Ruiz Pe√±a (Spain) is down injured,[32:22] ‚è∏Ô∏è PLAY STOPPED - Phil Foden (England) is down injured . ‚è∏Ô∏è PLAY STOPPED - Fabi√°n Ruiz Pe√±a (Spain) is down injured . Referee drops the ball,"[Injury] Fabi√°n Ruiz (Spain) down with an injury, receiving medical attention.",gpt-4o-mini,2025-12-09T10:31:07.063607,,0,Unai Sim√≥n Mendibil,6,,0,,,,,,False,,,,,,,,,,,Fabi√°n Ruiz Pe√±a,Spain,False,,,,,,,,,,,,,,
3943043,33,1,0,Spain,England,0,0,Final,General,Lamine Yamal Nasraoui Ebana,Spain,six yard box,34,Other(34),"Pass(10), Ball Receipt*(10), Carry(8), Pressure(4), Dispossessed(1)",Lamine Yamal Nasraoui Ebana is dispossessed by Luke Shaw!,"[33:24] Fabi√°n Ruiz Pe√±a under pressure, plays a medium pass along the ground to Daniel Carvajal Ramos into the left attacking third, Daniel Carvajal Ramos under pressure, carries the ball under pressure, plays a short pass forward along the ground to Lamine Yamal Nasraoui Ebana, Lamine Yamal Nasraoui Ebana surges forward on a BRILLIANT run - BUT LOSES IT! . Luke Shaw closes down Lamine Yamal Nasraoui Ebana","[General] Spain completely dominant in midfield, Aymeric Laporte very active with seven events.",gpt-4o-mini,2025-12-09T10:31:08.056062,,0,Aymeric Laporte,7,,0,close range,,,,,False,,,,,,,,,,,,,,,,,,,,,,,,,,,
3943043,34,1,0,Spain,England,0,0,Final,Shot (Blocked),Daniel Olmo Carvajal,Spain,edge of the box,11,From Corner(11),"Pass(3), Ball Receipt*(2), Clearance(1), Carry(1), Shot(1)","After carrying forward, Daniel Olmo Carvajal under pressure, shoots with the right foot from a DANGEROUS position - BLOCKED!","[34:07] Marc Guehi clears the danger . Nicholas Williams Arthuer under pressure, delivers the corner a dangerous short pass along the ground to Lamine Yamal Nasraoui Ebana into the DANGER ZONE, Lamine Yamal Nasraoui Ebana receives under pressure in the right attacking third under pressure, delivers the corner a dangerous medium pass back along the ground to Daniel Olmo Carvajal into the central attacking third, Daniel Olmo Carvajal under pressure, carries the ball","[Shot Blocked] Attempt blocked. Daniel Olmo (Spain) right footed shot from the edge of the box blocked by Harry Kane (England). 

[Corner] Corner, Spain. Con",gpt-4o-mini,2025-12-09T10:31:10.089398,Spain,2,,0,,0,long range,,,,,True,,,,,,,,,,,,,,Blocked,Right Foot,Normal,0.02654902,Daniel Olmo Carvajal,Harry Kane,Corner,,,,,,,
3943043,35,1,0,Spain,England,0,0,Final,Corner,Harry Kane,England,defensive half,63,From Corner(63),"Carry(18), Pass(18), Ball Receipt*(17), Pressure(5), Ball Recovery(2)",Harry Kane wins the ball back,"[34:59] Crucial block by Harry Kane!, The goalkeeper deals with it . √Ålvaro Borja Morata Mart√≠n closes down Jordan Pickford . Harry Kane wins the ball back under pressure, carries the ball","[Corner] Corner, England. Conceded by √Ålvaro Morata (Spain). Harry Kane to deliver.",gpt-4o-mini,2025-12-09T10:31:10.910676,Spain,3,Rodrigo Hern√°ndez Cascante,12,,0,long range,,,,,False,Harry Kane,√Ålvaro Borja Morata Mart√≠n,,,,,,,,,,,,,,,,,,,,,,,,,
3943043,36,1,0,Spain,England,0,0,Final,General,Nicholas Williams Arthuer,Spain,left side of the box,26,"Regular Play(19), From Goal Kick(7)","Pass(9), Ball Receipt*(8), Carry(5), Pressure(3), Duel(1)","Nicholas Williams Arthuer under MASSIVE pressure, plays a dangerous medium pass back along the ground to Daniel Carvajal Ramos into the DANGER ZONE","[36:52] Rodrigo Hern√°ndez Cascante under pressure, plays a medium pass along the ground to Lamine Yamal Nasraoui Ebana into the left attacking third, Lamine Yamal Nasraoui Ebana under pressure, carries the ball under pressure, plays a medium pass forward along the ground to Nicholas Williams Arthuer, Nicholas Williams Arthuer receives under pressure in the left attacking third under pressure, carries the ball - BUT LOSES IT!",[General] Spain dominating possession in midfield for the last three minutes. Nicholas Williams very active.,gpt-4o-mini,2025-12-09T10:31:11.987656,Spain,3,Nicholas Williams Arthuer,6,,0,outside the box,,,,,False,,,,,,,,,,,,,,,,,,,,,,,,,,,
3943043,37,1,0,Spain,England,0,0,Final,General,Fabi√°n Ruiz Pe√±a,Spain,right side of the box,45,Regular Play(45),"Carry(11), Pass(11), Ball Receipt*(8), Pressure(4), 50/50(2)","Fabi√°n Ruiz Pe√±a under pressure, plays a dangerous long ball forward through the air into the central attacking third, but it goes out of play","[37:49] Fabi√°n Ruiz Pe√±a under pressure, carries the ball under pressure, plays a dangerous long ball forward through the air into the central attacking third, but it goes out of play . From the goal kick, Jordan Pickford under pressure, plays a short pass forward along the ground to Declan Rice",[General] Spain dominating possession in midfield for the last three minutes. Jude Bellingham very active for England.,gpt-4o-mini,2025-12-09T10:31:13.320582,Spain,3,Jude Bellingham,8,,0,outside the box,,,,,False,,,,,,,,,,,,,,,,,,,,,,,,,,,
3943043,38,1,0,Spain,England,0,0,Final,General,Daniel Olmo Carvajal,Spain,centre of the box,55,"From Goal Kick(31), Regular Play(24)","Pass(15), Ball Receipt*(15), Carry(14), Pressure(8), Duel(2)",Daniel Olmo Carvajal closes down Jordan Pickford,"[38:34] From the goal kick, John Stones under pressure, plays a medium pass along the ground to Jordan Pickford, Jordan Pickford under pressure, carries the ball - BUT LOSES IT! . Daniel Olmo Carvajal closes down Jordan Pickford . From the goal kick, Jordan Pickford under MASSIVE pressure, plays a long ball forward through the air to Jude Bellingham, From the goal kick, Jude Bellingham under pressure, plays a short pass forward through the air to Phil Foden, INTERCEPTED! England loses the ball",[General] Spain dominating possession in midfield for the last 3 minutes.,gpt-4o-mini,2025-12-09T10:31:14.301977,Spain,3,Kyle Walker,10,,0,inside the box,,,,,False,,,,,,,,,,,,,,,,,,,,,,,,,,,
3943043,39,1,0,Spain,England,0,0,Final,General,Harry Kane,England,edge of the box,63,Regular Play(63),"Pass(19), Ball Receipt*(19), Carry(18), Pressure(4), Block(1)",Harry Kane receives under pressure in the central attacking third,"[39:21] Phil Foden under pressure, plays a short pass along the ground to Kyle Walker, Kyle Walker under pressure, carries the ball under pressure, plays a medium pass back along the ground to John Stones, John Stones surges forward on a BRILLIANT run from the central midfield into the central attacking third - BUT LOSES IT! . √Ålvaro Borja Morata Mart√≠n closes down John Stones",[General] England controlling play in midfield. Kyle Walker very active this minute.,gpt-4o-mini,2025-12-09T10:31:15.069824,,0,Kyle Walker,12,,0,outside the box,,,,,False,,,,,,,,,,,,,,,,,,,,,,,,,,,
3943043,40,1,0,Spain,England,0,0,Final,General,Bukayo Saka,England,left side of the box,59,"Regular Play(43), From Throw In(16)","Pass(18), Ball Receipt*(17), Carry(12), Pressure(8), Ball Recovery(2)","Bukayo Saka under MASSIVE pressure, plays a dangerous short pass back along the ground to Kobbie Mainoo into the central attacking third","[40:55] Bukayo Saka under pressure, carries the ball - BUT LOSES IT! . Marc Cucurella Saseta closes down Bukayo Saka . Bukayo Saka under MASSIVE pressure, plays a dangerous short pass back along the ground to Kobbie Mainoo into the central attacking third, Kobbie Mainoo under pressure, plays a medium pass forward along the ground to Harry Kane, but the pass doesn't find its target, Harry Kane receives under pressure in the central attacking third",[General] England dominating possession in midfield for the last two minutes. Harry Kane very active.,gpt-4o-mini,2025-12-09T10:31:16.169391,England,2,Harry Kane,8,,0,outside the box,,,,,False,,,,,,,,,,,,,,,,,,,,,,,,,,,
3943043,41,1,0,Spain,England,0,0,Final,General,Daniel Carvajal Ramos,Spain,left side of the box,34,"Regular Play(33), From Throw In(1)","Ball Receipt*(11), Pass(11), Carry(9), Pressure(2), Ball Recovery(1)",Daniel Carvajal Ramos receives under pressure in the left attacking third,"[41:23] Lamine Yamal Nasraoui Ebana under pressure, plays a short pass along the ground to Daniel Carvajal Ramos . Marc Guehi closes down Lamine Yamal Nasraoui Ebana . Daniel Carvajal Ramos under pressure, carries the ball under pressure, plays a short pass along the ground to Lamine Yamal Nasraoui Ebana, Lamine Yamal Nasraoui Ebana under pressure, carries the ball",[General] Spain maintaining dominant possession in midfield. Le Normand very active with six events.,gpt-4o-mini,2025-12-09T10:31:17.377918,,0,Robin Aime Robert Le Normand,6,,0,outside the box,,,,,False,,,,,,,,,,,,,,,,,,,,,,,,,,,
3943043,42,1,0,Spain,England,0,0,Final,Shot (Blocked),√Ålvaro Borja Morata Mart√≠n,Spain,centre of the box,26,"Regular Play(22), From Throw In(3), From Corner(1)","Ball Receipt*(6), Pass(6), Carry(5), Ball Recovery(2), Pressure(1)","√Ålvaro Borja Morata Mart√≠n under pressure, shoots with the right foot from a DANGEROUS position (6m out!) - BLOCKED!","[42:19] Aymeric Laporte under pressure, plays a long pass forward along the ground to √Ålvaro Borja Morata Mart√≠n into the right attacking third, √Ålvaro Borja Morata Mart√≠n receives under pressure in the right attacking third under pressure, carries the ball - BUT LOSES IT! . Marc Guehi closes down √Ålvaro Borja Morata Mart√≠n . √Ålvaro Borja Morata Mart√≠n takes on the defender","[Shot Blocked] Attempt blocked. √Ålvaro Morata (Spain) right footed shot from the centre of the box blocked by John Stones. 

[Corner] Corner, Spain. Conced",gpt-4o-mini,2025-12-09T10:31:18.387932,Spain,2,Aymeric Laporte,6,,0,inside the box,,,,,True,,,,,,,,,,,,,,Blocked,Right Foot,Normal,0.07835983,,John Stones,Corner,,,,,,,
3943043,43,1,0,Spain,England,0,0,Final,Corner,√Ålvaro Borja Morata Mart√≠n,Spain,six yard box,23,"Regular Play(16), From Goal Kick(4), From Corner(3)","Ball Receipt*(5), Carry(4), Pressure(4), Pass(4), Duel(2)",√Ålvaro Borja Morata Mart√≠n receives under pressure in the central attacking third,"[42:24] Crucial block by John Stones!, The goalkeeper deals with it . Nicholas Williams Arthuer under pressure, delivers the corner a dangerous long ball through the air to √Ålvaro Borja Morata Mart√≠n into the central attacking third, but the pass doesn't find its target, √Ålvaro Borja Morata Mart√≠n receives under pressure in the central attacking third in the duel","[Corner] Corner, Spain. Delivered by √Ålvaro Morata. Conceded by England.",gpt-4o-mini,2025-12-09T10:31:19.094203,Spain,3,,0,,0,close range,,,,,False,√Ålvaro Borja Morata Mart√≠n,,,,,,,,,,,,,,,,,,,,,,,,,,
3943043,44,1,0,Spain,England,0,0,Final,Shot (Blocked),Harry Kane,England,centre of the box,15,Regular Play(15),"Carry(3), Pressure(2), Dispossessed(1), Duel(1), Pass(1)","Harry Kane under MASSIVE pressure, shoots with the right foot from a DANGEROUS position - BLOCKED!","[44:00] Jude Bellingham under pressure, carries the ball under pressure, plays a dangerous medium pass along the ground to Harry Kane into the central attacking third, Harry Kane receives under pressure in the central attacking third under pressure, carries the ball - BUT LOSES IT! . Rodrigo Hern√°ndez Cascante closes down Harry Kane",[Shot Blocked] Attempt blocked. Harry Kane (England) right footed shot from the centre of the box is blocked by Rodrigo Hern√°ndez (Spain).,gpt-4o-mini,2025-12-09T10:31:20.310638,Spain,3,,0,,0,edge of the box,,,,,False,,,,,,,,,,,,,,Blocked,Right Foot,Half Volley,0.048372418,,Rodrigo Hern√°ndez Cascante,,,,,,,,
3943043,45,1,0,Spain,England,0,0,Final,Shot (Saved),Phil Foden,England,six yard box,7,"From Free Kick(6), Regular Play(1)","Pass(1), Ball Receipt*(1), Duel(1), Clearance(1), Ball Recovery(1)","Phil Foden under pressure, shoots with the left foot from a DANGEROUS position (6m out!) - SAVED by the goalkeeper! Parried away!","[44:08] Kyle Walker is fouled, Declan Rice under pressure, delivers the free kick a long ball forward through the air to Harry Kane into the central attacking third, but the pass doesn't find its target, Harry Kane receives under pressure in the central attacking third in the duel . Daniel Carvajal Ramos clears the danger",[Shot Saved] Attempt saved. Phil Foden (England) left footed shot from the six yard box saved by Unai Sim√≥n (Spain).,gpt-4o-mini,2025-12-09T10:31:21.249508,,0,,0,,0,close range,,,,,False,,,,,,,,,,,,,,Saved,Left Foot,Volley,0.1796937,Phil Foden,,,,,,Unai Sim√≥n Mendibil,,,
3943043,46,1,0,Spain,England,0,0,Final,General,Daniel Carvajal Ramos,Spain,midfield,16,"Regular Play(9), From Keeper(4), From Goal Kick(3)","Pass(7), Ball Receipt*(6), Carry(2), Duel(1)","Daniel Carvajal Ramos under pressure, plays a medium pass back through the air to Robin Aime Robert Le Normand","[46:46] Nicholas Williams Arthuer under pressure, carries the ball under pressure, plays a long ball through the air to Lamine Yamal Nasraoui Ebana, Lamine Yamal Nasraoui Ebana under pressure, carries the ball under pressure, plays a medium pass forward along the ground to Daniel Carvajal Ramos, Daniel Carvajal Ramos under pressure, plays a medium pass back through the air to Robin Aime Robert Le Normand",[General] Spain dominating possession in midfield. England struggling to regain control.,gpt-4o-mini,2025-12-09T10:31:22.294194,England,2,,0,,0,long range,,,,,False,,,,,,,,,,,,,,,,,,,,,,,,,,,
3943043,47,1,0,Spain,England,0,0,Final,General,,Spain,,2,Regular Play(2),Half End(2),Half End,"[46:46] Nicholas Williams Arthuer under pressure, carries the ball under pressure, plays a long ball through the air to Lamine Yamal Nasraoui Ebana, Lamine Yamal Nasraoui Ebana under pressure, carries the ball under pressure, plays a medium pass forward along the ground to Daniel Carvajal Ramos, Daniel Carvajal Ramos under pressure, plays a medium pass back through the air to Robin Aime Robert Le Normand",[General] Spain completely dominant in the attacking third during stoppage time.,gpt-4o-mini,2025-12-09T10:31:23.376450,,0,,0,,0,,,,,,False,,,,,,,,,,,,,,,,,,,,,,,,,,,
3943043,45,2,0,Spain,England,0,0,Final,Kick Off,,England,,60,"From Kick Off(37), From Throw In(20), Regular Play(3)","Pass(18), Ball Receipt*(17), Carry(15), Pressure(4), Half Start(2)",Half Start,"[45:00] Half Start . Half Start, ‚öîÔ∏è SUBSTITUTION for Spain: Rodrigo Hern√°ndez Cascante comes off, replaced by Mart√≠n Zubimendi Ib√°√±ez. Rodrigo Hern√°ndez Cascante was playing as Right Defensive Midfield","[Kick Off] Second Half begins. Euro 2024 Final! Spain 0, England 0.",gpt-4o-mini,2025-12-09T10:31:24.789626,,0,Robin Aime Robert Le Normand,9,,0,,,Second Half begins,2.0,Final,False,,,,,,,,,,,,,,,,,,,,,,,,,,,
3943043,45,2,1,Spain,England,0,0,Final,Substitution,Rodrigo Hern√°ndez Cascante,Spain,,60,"From Kick Off(37), From Throw In(20), Regular Play(3)","Pass(18), Ball Receipt*(17), Carry(15), Pressure(4), Half Start(2)","‚öîÔ∏è SUBSTITUTION for Spain: Rodrigo Hern√°ndez Cascante comes off, replaced by Mart√≠n Zubimendi Ib√°√±ez. Rodrigo Hern√°ndez Cascante was playing as Right Defensive Midfield","[45:00] Half Start . Half Start, ‚öîÔ∏è SUBSTITUTION for Spain: Rodrigo Hern√°ndez Cascante comes off, replaced by Mart√≠n Zubimendi Ib√°√±ez. Rodrigo Hern√°ndez Cascante was playing as Right Defensive Midfield","[Substitution] Substitution, Spain. Rodrigo Hern√°ndez Cascante is replaced by Mart√≠n Zubimendi due to injury.",gpt-4o-mini,2025-12-09T10:31:26.044678,,0,Robin Aime Robert Le Normand,9,,0,,,,,,False,,,,,,,,,,,,,,,,,,,,,,,,,Rodrigo Hern√°ndez Cascante,"{'outcome': {'id': 102, 'name': 'Injury'}, 'replacement': {'id': 24921, 'name': 'Mart√≠n Zubimendi Ib√°√±ez'}}",
3943043,46,2,0,Spain,England,1,0,Final,Goal,Nicholas Williams Arthuer,Spain,centre of the box,12,From Throw In(12),"Ball Receipt*(4), Pass(3), Carry(2), Pressure(1), Shot(1)",‚öΩ GOOOAL! Nicholas Williams Arthuer scores! A superb left-footed finish! Spain now lead 1-0! His 2nd goal of the tournament in the 46th minute! ,"[46:03] Daniel Carvajal Ramos under pressure, plays a medium pass forward to Lamine Yamal Nasraoui Ebana into the left attacking third . Luke Shaw closes down Daniel Carvajal Ramos . Lamine Yamal Nasraoui Ebana under pressure, drives forward with the ball from the left attacking third into the central attacking third under pressure, plays a dangerous medium pass to Nicholas Williams Arthuer into the DANGER ZONE, ‚öΩ GOOOAL! Nicholas Williams Arthuer scores! A superb left-footed finish! Spain now l","[Goal] Goal! Spain 1, England 0. Nicholas Williams (Spain) left footed shot from the centre of the box. Assisted by Lamine Yamal.",gpt-4o-mini,2025-12-09T10:31:27.460707,,0,,0,,0,inside the box,,,,,False,,,,,,,,,,,,,,,Left Foot,Normal,0.1124816,Lamine Yamal Nasraoui Ebana,,,,,,,,,Nicholas Williams Arthuer
3943043,47,2,0,Spain,England,1,0,Final,General,Declan Rice,England,midfield,30,"Regular Play(24), From Kick Off(6)","Pass(10), Ball Receipt*(9), Carry(8), Pressure(2), Duel(1)",Declan Rice closes down Fabi√°n Ruiz Pe√±a,"[47:33] Nicholas Williams Arthuer under pressure, carries the ball - BUT LOSES IT! . Bukayo Saka closes down Nicholas Williams Arthuer . Nicholas Williams Arthuer under MASSIVE pressure, plays a medium pass forward along the ground to Fabi√°n Ruiz Pe√±a, Fabi√°n Ruiz Pe√±a under pressure, carries the ball - BUT LOSES IT! . Declan Rice closes down Fabi√°n Ruiz Pe√±a","[General] Spain dominating possession, controlling the game through Aymeric Laporte in defense.",gpt-4o-mini,2025-12-09T10:31:28.783235,Spain,2,Aymeric Laporte,7,,0,long range,,,,,False,,,,,,,,,,,,,,,,,,,,,,,,,,,
3943043,48,2,0,Spain,England,1,0,Final,Shot (Off T),Daniel Olmo Carvajal,Spain,centre of the box,43,"From Goal Kick(26), Regular Play(17)","Ball Receipt*(14), Pass(13), Carry(10), Pressure(4), Shot(1)","After carrying forward, Daniel Olmo Carvajal under pressure, shoots with the left foot from a DANGEROUS position (11m out!) - just wide!","[48:13] Daniel Carvajal Ramos under pressure, plays a medium pass through the air to Daniel Olmo Carvajal into the central attacking third, Daniel Olmo Carvajal under pressure, plays a medium pass to Nicholas Williams Arthuer into the right attacking third, Nicholas Williams Arthuer under pressure, carries the ball under pressure, plays a dangerous short pass along the ground to Daniel Olmo Carvajal into the central attacking third, Daniel Olmo Carvajal receives under pressure in the central att",[Shot Missed] Attempt missed. Daniel Olmo (Spain) left footed shot from the centre of the box goes wide.,gpt-4o-mini,2025-12-09T10:31:30.414968,Spain,3,Daniel Olmo Carvajal,5,,0,inside the box,,,,,False,,,,,,,,,,,,,,Off T,Left Foot,Half Volley,0.2455793,Daniel Olmo Carvajal,,,,,,,,,
3943043,49,2,0,Spain,England,1,0,Final,General,Luke Shaw,England,right side of the box,61,"Regular Play(28), From Throw In(20), From Goal Kick(13)","Pass(16), Ball Receipt*(16), Carry(14), Pressure(8), Duel(2)",Luke Shaw receives under pressure in the right attacking third,"[49:45] Declan Rice under pressure, carries the ball under pressure, plays a medium pass forward to Jude Bellingham, Jude Bellingham under pressure, drives forward with the ball from the right midfield into the right attacking third under pressure, plays a medium pass forward along the ground to Luke Shaw, but it goes out of play, Luke Shaw closes down the ball carrier",[General] England controlling possession in midfield. Jude Bellingham very active with 10 events.,gpt-4o-mini,2025-12-09T10:31:31.257676,,0,Jude Bellingham,10,,0,edge of the box,,,,,False,,,,,,,,,,,,,,,,,,,,,,,,,,,
3943043,50,2,0,Spain,England,1,0,Final,General,Bukayo Saka,England,left side of the box,38,"Regular Play(32), From Goal Kick(6)","Pass(12), Ball Receipt*(12), Carry(10), Pressure(3), Duel(1)","Bukayo Saka under pressure, plays a dangerous short pass along the ground to Phil Foden into the DANGER ZONE","[50:34] Declan Rice surges forward on a BRILLIANT run from the right midfield into the central midfield under pressure, plays a medium pass along the ground to Kyle Walker, Kyle Walker under pressure, carries the ball under pressure, plays a long ball forward through the air to Bukayo Saka into the left attacking third, Bukayo Saka receives under pressure in the left attacking third","[General] England dominating possession in midfield, Declan Rice very active.",gpt-4o-mini,2025-12-09T10:31:32.929554,England,2,Declan Rice,8,,0,outside the box,,,,,False,,,,,,,,,,,,,,,,,,,,,,,,,,,
3943043,51,2,0,Spain,England,1,0,Final,General,Kyle Walker,England,left side of the box,37,"Regular Play(23), From Throw In(14)","Pass(14), Ball Receipt*(13), Carry(8), Pressure(1), Duel(1)","Kyle Walker under pressure, plays a dangerous long ball through the air into the right attacking third, but it goes out of play","[51:16] Jude Bellingham under MASSIVE pressure, plays a short pass along the ground to Kyle Walker, Kyle Walker receives under pressure in the left attacking third under pressure, carries the ball under pressure, plays a dangerous long ball through the air into the right attacking third, but it goes out of play . Daniel Carvajal Ramos under pressure, plays a medium pass forward through the air to √Ålvaro Borja Morata Mart√≠n, but the pass doesn't find its target",[General] England dominating possession in midfield for the last three minutes. Jude Bellingham very active.,gpt-4o-mini,2025-12-09T10:31:34.519362,England,3,Jude Bellingham,6,,0,edge of the box,,,,,False,,,,,,,,,,,,,,,,,,,,,,,,,,,
3943043,52,2,0,Spain,England,1,0,Final,Yellow Card,John Stones,England,midfield,33,"From Throw In(26), From Free Kick(7)","Pass(10), Ball Receipt*(10), Carry(8), Pressure(3), Foul Committed(1)",‚ö†Ô∏è FOUL by John Stones in the central midfield - YELLOW CARD for John Stones!,"[52:27] √Ålvaro Borja Morata Mart√≠n under pressure, carries the ball - BUT LOSES IT! . John Stones closes down √Ålvaro Borja Morata Mart√≠n . √Ålvaro Borja Morata Mart√≠n under MASSIVE pressure, plays a short pass along the ground to Mart√≠n Zubimendi Ib√°√±ez, Mart√≠n Zubimendi Ib√°√±ez under pressure, drives forward with the ball - BUT LOSES IT! . John Stones closes down Mart√≠n Zubimendi Ib√°√±ez",[Yellow Card] John Stones (England) is shown the yellow card for a bad foul on Mart√≠n Zubimendi (Spain).,gpt-4o-mini,2025-12-09T10:31:36.246214,England,3,Aymeric Laporte,5,,0,long range,,,,,False,,,,,Mart√≠n Zubimendi Ib√°√±ez,Spain,,,,,,,,,,,,,,,John Stones,England,bad foul,,,,
3943043,53,2,0,Spain,England,1,0,Final,Free Kick,Aymeric Laporte,Spain,midfield,58,From Free Kick(58),"Pass(19), Ball Receipt*(19), Carry(16), Pressure(4)","Aymeric Laporte under pressure, delivers the free kick a medium pass along the ground to Marc Cucurella Saseta","[52:31] Mart√≠n Zubimendi Ib√°√±ez is fouled, Fabi√°n Ruiz Pe√±a under pressure, delivers the free kick a short pass along the ground to Mart√≠n Zubimendi Ib√°√±ez, Mart√≠n Zubimendi Ib√°√±ez under pressure, delivers the free kick a medium pass back along the ground to Robin Aime Robert Le Normand, Robin Aime Robert Le Normand under pressure, delivers the free kick a short pass along the ground to Aymeric Laporte, Aymeric Laporte under pressure, carries the ball",[Free Kick] Free kick to Spain. Aymeric Laporte fouled in midfield.,gpt-4o-mini,2025-12-09T10:31:37.703020,,0,Fabi√°n Ruiz Pe√±a,14,,0,long range,,,,,False,,,,,Aymeric Laporte,Spain,,,,,,,,,,,,,,,,,,,,,
3943043,54,2,0,Spain,England,1,0,Final,Shot (Wayward),√Ålvaro Borja Morata Mart√≠n,Spain,centre of the box,56,"From Throw In(31), From Free Kick(25)","Pass(14), Ball Receipt*(14), Carry(12), Pressure(7), Shot(2)","√Ålvaro Borja Morata Mart√≠n under pressure, shoots with the right foot from a DANGEROUS position (9m out!) - well wide!","[54:58] √Ålvaro Borja Morata Mart√≠n under pressure, shoots with the right foot from a DANGEROUS position (9m out!) - well wide!","[Shots Pressure] Spain applying pressure! Two attempts from Morata, first blocked, then wayward.",gpt-4o-mini,2025-12-09T10:31:39.377928,Spain,2,Fabi√°n Ruiz Pe√±a,9,pressure,2,inside the box,,,,,False,,,,,,,,,,,,,,Wayward,Right Foot,Normal,0.24310583,√Ålvaro Borja Morata Mart√≠n,,,,,,,,,
3943043,55,2,0,Spain,England,1,0,Final,Shot (Off T),Nicholas Williams Arthuer,Spain,edge of the box,33,"From Throw In(24), From Goal Kick(6), From Free Kick(3)","Carry(8), Pass(6), Ball Receipt*(6), Pressure(5), Ball Recovery(2)","After carrying forward, Nicholas Williams Arthuer under pressure, shoots with the right foot from a DANGEROUS position - just wide!","[55:20] Fabi√°n Ruiz Pe√±a under pressure, carries the ball from the left attacking third into the central attacking third under pressure, plays a short pass along the ground to Nicholas Williams Arthuer, Nicholas Williams Arthuer under pressure, carries the ball After carrying forward, Nicholas Williams Arthuer under pressure, shoots with the right foot from a DANGEROUS position - just wide!",[Shot Missed] Attempt missed. Nicol√°s Williams (Spain) right footed shot from the edge of the box goes over.,gpt-4o-mini,2025-12-09T10:31:41.167714,Spain,3,Lamine Yamal Nasraoui Ebana,5,,0,outside the box,,,,,False,,,,,,,,,,,,,,Off T,Right Foot,Normal,0.04913289,Nicholas Williams Arthuer,,,,,,,,,
3943043,56,2,0,Spain,England,1,0,Final,Free Kick,John Stones,England,defensive half,47,From Free Kick(47),"Pass(14), Ball Receipt*(14), Carry(11), Pressure(6), Ball Recovery(1)","John Stones under pressure, delivers the free kick a medium pass along the ground to Jordan Pickford","[55:46] Bukayo Saka is fouled, Kyle Walker under pressure, delivers the free kick a medium pass back along the ground to John Stones, John Stones under pressure, carries the ball under pressure, delivers the free kick a medium pass along the ground to Jordan Pickford, Jordan Pickford under pressure, carries the ball","[Free Kick] Free kick to England, fouled by Spain. John Stones is the player down.",gpt-4o-mini,2025-12-09T10:31:42.903498,Spain,3,John Stones,8,,0,long range,,,,,False,,,,,John Stones,England,,,,,,,,,,,,,,,,,,,,,
3943043,57,2,0,Spain,England,1,0,Final,General,Bukayo Saka,England,midfield,43,"Regular Play(29), From Throw In(14)","Pass(13), Ball Receipt*(13), Carry(10), Pressure(5), Dribble(1)",Bukayo Saka receives,"[57:25] Kyle Walker under pressure, carries the ball - BUT LOSES IT! . Nicholas Williams Arthuer closes down Kyle Walker . Kyle Walker under MASSIVE pressure, plays a short pass forward along the ground to Kobbie Mainoo, Kobbie Mainoo under pressure, carries the ball from the left defensive third into the left midfield - BUT LOSES IT! . Aymeric Laporte closes down Kobbie Mainoo","[General] England maintaining control in their defensive third, Pickford very active.",gpt-4o-mini,2025-12-09T10:31:44.763109,,0,Jordan Pickford,6,,0,long range,,,,,False,,,,,,,,,,,,,,,,,,,,,,,,,,,
3943043,58,2,0,Spain,England,1,0,Final,General,√Ålvaro Borja Morata Mart√≠n,Spain,centre of the box,55,"From Throw In(54), Regular Play(1)","Pass(15), Ball Receipt*(15), Carry(15), Pressure(5), Ball Recovery(2)",√Ålvaro Borja Morata Mart√≠n receives under pressure in the central attacking third,"[58:50] Daniel Olmo Carvajal under pressure, plays a short pass forward along the ground to √Ålvaro Borja Morata Mart√≠n, but the pass doesn't find its target, √Ålvaro Borja Morata Mart√≠n receives under pressure in the central attacking third . Luke Shaw intercepts!, Jordan Pickford wins the ball back","[General] England controlling play for the last two minutes, pushing forward in midfield.",gpt-4o-mini,2025-12-09T10:31:46.814196,England,2,Fabi√°n Ruiz Pe√±a,9,,0,edge of the box,,,,,False,,,,,,,,,,,,,,,,,,,,,,,,,,,
3943043,59,2,0,Spain,England,1,0,Final,General,Bukayo Saka,England,left side of the box,68,Regular Play(68),"Pass(16), Ball Receipt*(16), Carry(15), Pressure(9), Block(2)","Bukayo Saka under pressure, carries the ball","[59:48] Nicholas Williams Arthuer under pressure, carries the ball is dispossessed by Bukayo Saka! . Bukayo Saka in the duel under pressure, carries the ball under pressure, plays a medium pass back along the ground to John Stones","[General] England completely dominant in midfield, Bukayo Saka very active this minute.",gpt-4o-mini,2025-12-09T10:31:49.020938,,0,Bukayo Saka,13,,0,outside the box,,,,,False,,,,,,,,,,,,,,,,,,,,,,,,,,,
3943043,60,2,0,Spain,England,1,0,Final,Substitution,Harry Kane,England,,22,"From Throw In(19), Regular Play(3)","Carry(5), Pass(4), Ball Receipt*(4), Pressure(3), Dispossessed(2)","‚öîÔ∏è SUBSTITUTION for England: Harry Kane comes off, replaced by Ollie Watkins. Harry Kane was playing as Center Forward","[60:41] ‚öîÔ∏è SUBSTITUTION for England: Harry Kane comes off, replaced by Ollie Watkins. Harry Kane was playing as Center Forward","[Substitution] Substitution, England. Harry Kane is replaced by Ollie Watkins. Tactical change from the England manager.",gpt-4o-mini,2025-12-09T10:31:51.097902,,0,,0,,0,,,,,,False,,,,,,,,,,,,,,,,,,,,,,,,,Harry Kane,"{'outcome': {'id': 103, 'name': 'Tactical'}, 'replacement': {'id': 4760, 'name': 'Ollie Watkins'}}",
3943043,61,2,0,Spain,England,1,0,Final,Foul,Bukayo Saka,England,defensive half,36,From Throw In(36),"Pass(9), Ball Receipt*(9), Carry(9), Pressure(7), Foul Committed(1)",Bukayo Saka is fouled,"[61:30] Bukayo Saka is fouled, Phil Foden under pressure, delivers the free kick a dangerous medium pass forward through the air into the central attacking third, INTERCEPTED! England loses the ball . Aymeric Laporte clears the danger . Phil Foden in the duel . Lamine Yamal Nasraoui Ebana clears the danger",[Foul] Foul by Nico Williams (Spain) on Bukayo Saka (England). Free kick awarded.,gpt-4o-mini,2025-12-09T10:31:53.212190,England,2,Kyle Walker,6,,0,outside the box,,,,,False,,,Nicholas Williams Arthuer,Spain,Bukayo Saka,England,True,free kick in a wide position,,,,,,,,,,,,,,,,,,,
3943043,62,2,0,Spain,England,1,0,Final,Free Kick,Phil Foden,England,left side of the box,11,From Free Kick(11),"Pass(3), Clearance(2), Carry(2), Duel(1), Ball Recovery(1)","Phil Foden under pressure, delivers the free kick a dangerous medium pass forward through the air into the central attacking third, INTERCEPTED! England loses the ball","[61:30] Bukayo Saka is fouled, Phil Foden under pressure, delivers the free kick a dangerous medium pass forward through the air into the central attacking third, INTERCEPTED! England loses the ball . Aymeric Laporte clears the danger . Phil Foden in the duel . Lamine Yamal Nasraoui Ebana clears the danger",[Free Kick] Phil Foden (England) wins a free kick on the left side of the box.,gpt-4o-mini,2025-12-09T10:31:55.277202,England,3,,0,,0,outside the box,,,,,False,,,,,Phil Foden,England,,free kick in a wide position,,,,,,,,,,,,,,,,,,,
3943043,63,2,0,Spain,England,1,0,Final,Shot (Off T),Jude Bellingham,England,edge of the box,14,From Free Kick(14),"Pressure(4), Ball Receipt*(3), Carry(3), Pass(2), Shot(1)","Jude Bellingham under MASSIVE pressure, shoots with the left foot from a DANGEROUS position - just wide!","[63:10] Daniel Carvajal Ramos closes down Bukayo Saka . Jude Bellingham under pressure, carries the ball - BUT LOSES IT! . Mart√≠n Zubimendi Ib√°√±ez closes down Jude Bellingham . Jude Bellingham under MASSIVE pressure, shoots with the left foot from a DANGEROUS position - just wide!",[Shot Missed] Attempt missed. Jude Bellingham (England) left footed shot from the edge of the box goes over the bar.,gpt-4o-mini,2025-12-09T10:31:57.498226,England,3,,0,,0,outside the box,,,,,False,,,,,,,,,,,,,,Off T,Left Foot,Normal,0.05628593,,,,,,,,,,
3943043,64,2,0,Spain,England,1,0,Final,General,Ollie Watkins,England,centre of the box,26,"Regular Play(17), From Goal Kick(9)","Pass(8), Ball Receipt*(8), Carry(6), Pressure(4)",Ollie Watkins receives under pressure in the central attacking third,"[64:27] Nicholas Williams Arthuer closes down Declan Rice . Declan Rice under MASSIVE pressure, plays a short pass along the ground to Kyle Walker, Kyle Walker under pressure, drives forward with the ball under pressure, plays a long ball forward through the air to Ollie Watkins into the central attacking third, but it goes out of play, Ollie Watkins receives under pressure in the central attacking third",[General] England dominating possession in midfield for the last three minutes.,gpt-4o-mini,2025-12-09T10:31:59.728539,England,3,,0,,0,inside the box,,,,,False,,,,,,,,,,,,,,,,,,,,,,,,,,,
3943043,65,2,0,Spain,England,1,0,Final,Shot (Saved),Lamine Yamal Nasraoui Ebana,Spain,centre of the box,32,"From Counter(16), Regular Play(11), From Goal Kick(5)","Pass(10), Ball Receipt*(8), Carry(7), Pressure(5), Shot(1)","After carrying forward, Lamine Yamal Nasraoui Ebana under pressure, shoots with the left foot from a DANGEROUS position - SAVED by the goalkeeper! Parried away!","[65:42] Daniel Olmo Carvajal under MASSIVE pressure, plays a medium pass forward along the ground to Lamine Yamal Nasraoui Ebana into the central attacking third . Luke Shaw closes down Daniel Olmo Carvajal . Lamine Yamal Nasraoui Ebana under pressure, carries the ball After carrying forward, Lamine Yamal Nasraoui Ebana under pressure, shoots with the left foot from a DANGEROUS position - SAVED by the goalkeeper! Parried away!",[Shot Saved] Attempt saved. Lamine Yamal (Spain) left footed shot from the centre of the box saved by Jordan Pickford.,gpt-4o-mini,2025-12-09T10:32:02.199270,England,3,,0,,0,edge of the box,,,,,False,,,,,,,,,,,,,,Saved,Left Foot,Normal,0.16213313,Lamine Yamal Nasraoui Ebana,,,,,,Jordan Pickford,,,
3943043,66,2,0,Spain,England,1,0,Final,Shot (Blocked),Aymeric Laporte,Spain,centre of the box,15,From Corner(15),"Pressure(3), Pass(2), Ball Receipt*(2), Carry(2), Duel(1)","Aymeric Laporte under pressure, shoots with the head from a DANGEROUS position (8m out!) - BLOCKED!","[65:45] The goalkeeper deals with it . Nicholas Williams Arthuer under pressure, delivers the corner a dangerous long ball through the air to Aymeric Laporte into the central attacking third, Aymeric Laporte receives under pressure in the central attacking third . Declan Rice in the duel . Aymeric Laporte under pressure, shoots with the head from a DANGEROUS position (8m out!) - BLOCKED!","[Shot Blocked] Attempt blocked. Aymeric Laporte (Spain) heads the ball, blocked by Declan Rice (England). 

[Corner] Corner, Spain. Conceded by Decl",gpt-4o-mini,2025-12-09T10:32:05.026355,,0,,0,,0,inside the box,,,,,True,,,,,,,,,,,,,,Blocked,Head,Normal,0.097933225,,Declan Rice,Corner,,,,,,,
3943043,67,2,0,Spain,England,1,0,Final,Substitution,√Ålvaro Borja Morata Mart√≠n,Spain,,12,"From Throw In(9), From Goal Kick(2), From Corner(1)","Pass(3), Pressure(3), Ball Receipt*(3), Substitution(1), Carry(1)","‚öîÔ∏è SUBSTITUTION for Spain: √Ålvaro Borja Morata Mart√≠n comes off, replaced by Mikel Oyarzabal Ugarte. √Ålvaro Borja Morata Mart√≠n was playing as Center Forward","[66:33] Kobbie Mainoo loses control under pressure! . ‚öîÔ∏è SUBSTITUTION for Spain: √Ålvaro Borja Morata Mart√≠n comes off, replaced by Mikel Oyarzabal Ugarte. √Ålvaro Borja Morata Mart√≠n was playing as Center Forward","[Substitution] Substitution, Spain. Mikel Oyarzabal replaces √Ålvaro Morata.",gpt-4o-mini,2025-12-09T10:32:07.565781,Spain,2,,0,,0,,,,,,False,,,,,,,,,,,,,,,,,,,,,,,,,√Ålvaro Borja Morata Mart√≠n,"{'outcome': {'id': 103, 'name': 'Tactical'}, 'replacement': {'id': 6685, 'name': 'Mikel Oyarzabal Ugarte'}}",
3943043,68,2,0,Spain,England,1,0,Final,Corner,Lamine Yamal Nasraoui Ebana,Spain,six yard box,31,"Regular Play(12), From Corner(12), From Goal Kick(7)","Pass(8), Ball Receipt*(6), Carry(6), Ball Recovery(3), Pressure(2)","Lamine Yamal Nasraoui Ebana under pressure, delivers the corner a dangerous long ball through the air into the central attacking third, INTERCEPTED! Spain loses the ball","[68:10] John Stones clears the danger . Lamine Yamal Nasraoui Ebana under pressure, delivers the corner a dangerous long ball through the air into the central attacking third, INTERCEPTED! Spain loses the ball . The goalkeeper deals with it, Luke Shaw clears the danger . Daniel Olmo Carvajal wins the ball back","[Corner] Corner, Spain. Conceded by John Stones. Lamine Yamal to take.",gpt-4o-mini,2025-12-09T10:32:10.672296,Spain,3,Daniel Olmo Carvajal,6,,0,close range,,,,,False,Lamine Yamal Nasraoui Ebana,John Stones,,,,,,,,,,,,,,,,,,,,,,,,,
3943043,69,2,0,Spain,England,1,0,Final,Substitution,Kobbie Mainoo,England,,23,"From Corner(14), From Goal Kick(9)","Ball Receipt*(4), Pass(4), Carry(2), Clearance(2), Pressure(2)","‚öîÔ∏è SUBSTITUTION for England: Kobbie Mainoo comes off, replaced by Cole Palmer. Kobbie Mainoo was playing as Right Defensive Midfield","[69:08] The goalkeeper deals with it, ‚öîÔ∏è SUBSTITUTION for England: Kobbie Mainoo comes off, replaced by Cole Palmer. Kobbie Mainoo was playing as Right Defensive Midfield","[Substitution] Substitution, England. Cole Palmer replaces Kobbie Mainoo. 

[Shots End-to-End] End to end! Two shots from both teams in quick succession.",gpt-4o-mini,2025-12-09T10:32:14.480456,Spain,3,,0,end_to_end,2,,,,,,False,,,,,,,,,,,,,,,,,,,,,,,,,Kobbie Mainoo,"{'outcome': {'id': 103, 'name': 'Tactical'}, 'replacement': {'id': 39461, 'name': 'Cole Palmer'}}",
3943043,70,2,0,Spain,England,1,0,Final,General,Ollie Watkins,England,left side of the box,60,"Regular Play(34), From Throw In(16), From Goal Kick(10)","Carry(14), Pass(14), Ball Receipt*(12), Pressure(8), Ball Recovery(4)",Ollie Watkins receives under pressure in the left attacking third,"[70:09] From the goal kick, Robin Aime Robert Le Normand under pressure, plays a long ball forward through the air, but it goes out of play . Kyle Walker under pressure, plays a short pass to Cole Palmer, Cole Palmer under pressure, carries the ball under pressure, plays a medium pass forward along the ground to Ollie Watkins into the left attacking third, but the pass doesn't find its target, Ollie Watkins receives under pressure in the left attacking third",[General] Spain dominating possession in midfield for the last three minutes. Fabi√°n Ruiz Pe√±a very active.,gpt-4o-mini,2025-12-09T10:32:17.776771,Spain,3,Fabi√°n Ruiz Pe√±a,8,,0,outside the box,,,,,False,,,,,,,,,,,,,,,,,,,,,,,,,,,
3943043,71,2,0,Spain,England,1,0,Final,Shot (Saved),Mikel Oyarzabal Ugarte,Spain,right side of the box,40,"From Keeper(11), Regular Play(10), From Counter(10), From Free Kick(9)","Ball Receipt*(9), Carry(9), Pass(9), Pressure(6), Ball Recovery(1)","Mikel Oyarzabal Ugarte under MASSIVE pressure, shoots with the left foot from a DANGEROUS position (8m out!) - SAVED by the goalkeeper! Parried away!","[71:44] Mart√≠n Zubimendi Ib√°√±ez under pressure, carries the ball - BUT LOSES IT! . Jude Bellingham closes down Mart√≠n Zubimendi Ib√°√±ez is beaten by Jude Bellingham! . Mart√≠n Zubimendi Ib√°√±ez takes on the defender surges forward on a BRILLIANT run from the central midfield into the central attacking third",[Shot Saved] Attempt saved. Mikel Oyarzabal (Spain) left footed shot from the right side of the box.,gpt-4o-mini,2025-12-09T10:32:20.992508,Spain,3,Jude Bellingham,10,,0,inside the box,,,,,False,,,,,,,,,,,,,,Saved,Left Foot,Normal,0.037707567,,,,,,,Jordan Pickford,,,
3943043,72,2,0,Spain,England,1,1,Final,Goal,Cole Palmer,England,edge of the box,11,"From Keeper(9), Regular Play(2)","Ball Receipt*(3), Pressure(2), Pass(2), Carry(1), Shot(1)",‚öΩ GOOOAL! Cole Palmer scores! A superb left-footed finish! England now lead 2-0! His 2nd goal of the tournament in the 72nd minute! A crucial two-goal lead! ,"[72:06] Mart√≠n Zubimendi Ib√°√±ez closes down Bukayo Saka . Jude Bellingham receives under pressure in the central attacking third under pressure, plays a dangerous short pass along the ground to Cole Palmer into the DANGER ZONE, Cole Palmer receives under pressure in the central attacking third ‚öΩ GOOOAL! Cole Palmer scores! A superb left-footed finish! England now lead 2-0! His 2nd goal of the tournament in the 72nd minute! A crucial two-goal lead!","[Goal] Goal! Spain 1, England 1. Cole Palmer (England) left footed shot from the edge of the box. Assisted by Jude Bellingham.",gpt-4o-mini,2025-12-09T10:32:24.376851,,0,,0,,0,outside the box,,,,,False,,,,,,,,,,,,,,,Left Foot,Normal,0.03794335,Jude Bellingham,,,,,,,,,Cole Palmer
3943043,73,2,0,Spain,England,1,1,Final,General,Mikel Oyarzabal Ugarte,Spain,edge of the box,40,"Regular Play(21), From Kick Off(19)","Pass(12), Ball Receipt*(12), Carry(10), Pressure(4), Miscontrol(1)",Mikel Oyarzabal Ugarte closes down Jordan Pickford,"[73:49] Kyle Walker under pressure, carries the ball from the left midfield into the central defensive third under pressure, plays a medium pass back along the ground to Jordan Pickford, Jordan Pickford under pressure, carries the ball from the central defensive third into the right defensive third - BUT LOSES IT! . Mikel Oyarzabal Ugarte closes down Jordan Pickford . Jordan Pickford under MASSIVE pressure, plays a long ball forward through the air to Luke Shaw, but the pass doesn't find its tar",[General] England gaining momentum in midfield. Declan Rice very active in the last minute.,gpt-4o-mini,2025-12-09T10:32:27.510783,,0,Declan Rice,6,,0,outside the box,,,,,False,,,,,,,,,,,,,,,,,,,,,,,,,,,
3943043,74,2,0,Spain,England,1,1,Final,General,Cole Palmer,England,left side of the box,35,"From Throw In(18), Regular Play(17)","Pass(9), Ball Receipt*(9), Carry(8), Pressure(4), Block(1)",Cole Palmer takes on the defender,"[74:47] Cole Palmer receives under pressure in the left attacking third under pressure, carries the ball - BUT LOSES IT! . Fabi√°n Ruiz Pe√±a closes down Cole Palmer . Cole Palmer takes on the defender . Fabi√°n Ruiz Pe√±a in the duel","[General] England dominating possession in midfield, led by a very active Cole Palmer.",gpt-4o-mini,2025-12-09T10:32:28.660402,,0,Cole Palmer,9,,0,edge of the box,,,,,False,,,,,,,,,,,,,,,,,,,,,,,,,,,
3943043,75,2,0,Spain,England,1,1,Final,General,Kyle Walker,England,left side of the box,25,"From Goal Kick(15), From Throw In(10)","Pass(8), Ball Receipt*(8), Carry(7), Pressure(2)","Kyle Walker under pressure, plays a dangerous long pass back to John Stones into the DANGER ZONE","[74:47] Cole Palmer receives under pressure in the left attacking third under pressure, carries the ball - BUT LOSES IT! . Fabi√°n Ruiz Pe√±a closes down Cole Palmer . Cole Palmer takes on the defender . Fabi√°n Ruiz Pe√±a in the duel","[General] Spain maintaining control in their defensive third, Laporte very active.",gpt-4o-mini,2025-12-09T10:32:31.818975,,0,Aymeric Laporte,6,,0,edge of the box,,,,,False,,,,,,,,,,,,,,,,,,,,,,,,,,,
3943043,76,2,0,Spain,England,1,1,Final,General,Daniel Carvajal Ramos,Spain,left side of the box,50,From Goal Kick(50),"Pass(17), Ball Receipt*(17), Carry(14), Pressure(2)","From the goal kick, Daniel Carvajal Ramos under MASSIVE pressure, plays a dangerous short pass back along the ground to Lamine Yamal Nasraoui Ebana into the DANGER ZONE","[76:43] Lamine Yamal Nasraoui Ebana under pressure, carries the ball From the goal kick, Lamine Yamal Nasraoui Ebana under pressure, plays a short pass along the ground to Daniel Carvajal Ramos, Daniel Carvajal Ramos under pressure, drives forward with the ball - BUT LOSES IT! . Phil Foden closes down Daniel Carvajal Ramos . From the goal kick, Daniel Carvajal Ramos under MASSIVE pressure, plays a dangerous short pass back along the ground to Lamine Yamal Nasraoui Ebana into the DANGER ZONE","[General] Spain completely dominant in midfield, Robin Le Normand very active this minute.",gpt-4o-mini,2025-12-09T10:32:35.117385,,0,Robin Aime Robert Le Normand,10,,0,outside the box,,,,,False,,,,,,,,,,,,,,,,,,,,,,,,,,,
3943043,77,2,0,Spain,England,1,1,Final,General,Mikel Oyarzabal Ugarte,Spain,centre of the box,36,From Goal Kick(36),"Pass(11), Ball Receipt*(11), Carry(10), Clearance(2), Pressure(1)",Mikel Oyarzabal Ugarte in the duel,"[77:27] Daniel Carvajal Ramos under pressure, carries the ball From the goal kick, Daniel Carvajal Ramos under pressure, plays a long ball forward through the air to Nicholas Williams Arthuer into the right attacking third, Nicholas Williams Arthuer receives under pressure in the right attacking third under pressure, carries the ball - BUT LOSES IT! . Kyle Walker clears the danger",[General] Spain completely dominating the midfield for the last two minutes. Marc Cucurella very active.,gpt-4o-mini,2025-12-09T10:32:38.217881,Spain,2,Marc Cucurella Saseta,6,,0,inside the box,,,,,False,,,,,,,,,,,,,,,,,,,,,,,,,,,
3943043,78,2,0,Spain,England,1,1,Final,Corner,Nicholas Williams Arthuer,Spain,six yard box,24,"From Throw In(18), From Corner(6)","Pass(8), Carry(7), Ball Receipt*(6), Clearance(2), Ball Recovery(1)","Nicholas Williams Arthuer under pressure, delivers the corner a dangerous long ball through the air into the central attacking third, INTERCEPTED! Spain loses the ball","[78:17] Nicholas Williams Arthuer under pressure, delivers the corner a dangerous long ball through the air into the central attacking third, INTERCEPTED! Spain loses the ball . Jude Bellingham clears the danger . Fabi√°n Ruiz Pe√±a wins the ball back under pressure, carries the ball under pressure, delivers the corner a dangerous short pass into the central attacking third, INTERCEPTED! Spain loses the ball","[Corner] Corner, Spain. Conceded by John Stones (England). Nicholas Williams to deliver.",gpt-4o-mini,2025-12-09T10:32:41.422471,Spain,3,Fabi√°n Ruiz Pe√±a,9,,0,close range,,,,,False,Nicholas Williams Arthuer,John Stones,,,,,,,,,,,,,,,,,,,,,,,,,
3943043,79,2,0,Spain,England,1,1,Final,General,Mikel Oyarzabal Ugarte,Spain,six yard box,25,"From Throw In(24), From Goal Kick(1)","Pass(8), Ball Receipt*(7), Carry(7), Pressure(2), Miscontrol(1)",Mikel Oyarzabal Ugarte loses control under pressure!,"[79:20] Daniel Carvajal Ramos under pressure, carries the ball - BUT LOSES IT! . Phil Foden closes down Daniel Carvajal Ramos . Daniel Carvajal Ramos under MASSIVE pressure, plays a long pass forward to Mikel Oyarzabal Ugarte . Marc Guehi closes down Daniel Carvajal Ramos . Mikel Oyarzabal Ugarte receives under pressure in the left attacking third",[General] Spain completely dominating possession in midfield for the last three minutes.,gpt-4o-mini,2025-12-09T10:32:44.624931,Spain,3,,0,,0,close range,,,,,False,,,,,,,,,,,,,,,,,,,,,,,,,,,
3943043,80,2,0,Spain,England,1,1,Final,General,Mart√≠n Zubimendi Ib√°√±ez,Spain,attacking third,45,Regular Play(45),"Pass(12), Ball Receipt*(11), Carry(11), Pressure(5), Block(3)",Mart√≠n Zubimendi Ib√°√±ez closes down Jude Bellingham,"[80:56] Phil Foden under pressure, carries the ball from the right midfield into the central midfield - BUT LOSES IT! . Daniel Olmo Carvajal closes down Phil Foden . Phil Foden under MASSIVE pressure, plays a short pass along the ground to Jude Bellingham, Jude Bellingham under pressure, carries the ball under pressure, plays a short pass forward along the ground to Cole Palmer",[General] Spain dominating possession in midfield for the last three minutes. Aymeric Laporte very active.,gpt-4o-mini,2025-12-09T10:32:47.943501,Spain,3,Aymeric Laporte,10,,0,long range,,,,,False,,,,,,,,,,,,,,,,,,,,,,,,,,,
3943043,81,2,0,Spain,England,1,1,Final,Shot (Saved),Lamine Yamal Nasraoui Ebana,Spain,centre of the box,58,"From Throw In(37), Regular Play(21)","Ball Receipt*(17), Carry(16), Pass(16), Pressure(3), Dispossessed(1)","Lamine Yamal Nasraoui Ebana under pressure, shoots with the left foot from a DANGEROUS position (13m out!) - SAVED by the goalkeeper! Parried away!","[81:12] Daniel Olmo Carvajal receives under pressure in the central attacking third under pressure, carries the ball under pressure, plays a dangerous short pass along the ground to Lamine Yamal Nasraoui Ebana into the DANGER ZONE, Lamine Yamal Nasraoui Ebana receives under pressure in the central attacking third under pressure, shoots with the left foot from a DANGEROUS position (13m out!) - SAVED by the goalkeeper! Parried away!",[Shot Saved] Attempt saved. Lamine Yamal (Spain) left footed shot from the centre of the box saved by Jordan Pickford.,gpt-4o-mini,2025-12-09T10:32:51.348211,Spain,3,Mart√≠n Zubimendi Ib√°√±ez,9,,0,edge of the box,,,,,False,,,,,,,,,,,,,,Saved,Left Foot,Normal,0.16392969,Lamine Yamal Nasraoui Ebana,,,,,,Jordan Pickford,,,
3943043,82,2,0,Spain,England,1,1,Final,Substitution,Robin Aime Robert Le Normand,Spain,,29,"From Throw In(23), Regular Play(6)","Pass(7), Carry(7), Ball Receipt*(6), Pressure(4), Dribble(2)","‚öîÔ∏è SUBSTITUTION for Spain: Robin Aime Robert Le Normand comes off, replaced by Jos√© Ignacio Fern√°ndez Iglesias. Robin Aime Robert Le Normand was playing as Right Center Back","[82:09] Kyle Walker under pressure, carries the ball - BUT LOSES IT! . Mart√≠n Zubimendi Ib√°√±ez closes down Kyle Walker . Kyle Walker takes on the defender . Mart√≠n Zubimendi Ib√°√±ez in the duel, ‚öîÔ∏è SUBSTITUTION for Spain: Robin Aime Robert Le Normand comes off, replaced by Jos√© Ignacio Fern√°ndez Iglesias. Robin Aime Robert Le Normand was playing as Right Center Back","[Substitution] Substitution, Spain. Jos√© Ignacio Fern√°ndez Iglesias replaces Robin Le Normand.",gpt-4o-mini,2025-12-09T10:32:54.650545,Spain,3,Kyle Walker,7,,0,,,,,,False,,,,,,,,,,,,,,,,,,,,,,,,,Robin Aime Robert Le Normand,"{'outcome': {'id': 103, 'name': 'Tactical'}, 'replacement': {'id': 5202, 'name': 'Jos√© Ignacio Fern√°ndez Iglesias'}}",
3943043,83,2,0,Spain,England,1,1,Final,General,Nicholas Williams Arthuer,Spain,edge of the box,58,"Regular Play(57), From Throw In(1)","Ball Receipt*(17), Carry(17), Pass(17), Pressure(4), Ball Recovery(2)","Nicholas Williams Arthuer under pressure, carries the ball - BUT LOSES IT!","[83:56] Daniel Carvajal Ramos under pressure, plays a dangerous short pass along the ground to Lamine Yamal Nasraoui Ebana into the DANGER ZONE, Lamine Yamal Nasraoui Ebana under pressure, carries the ball under pressure, plays a short pass along the ground to Nicholas Williams Arthuer into the central attacking third, Nicholas Williams Arthuer receives under pressure in the central attacking third under pressure, carries the ball - BUT LOSES IT!",[General] Spain dominating possession in midfield. Jos√© Ignacio Fern√°ndez Iglesias very active.,gpt-4o-mini,2025-12-09T10:32:57.739780,,0,Jos√© Ignacio Fern√°ndez Iglesias,9,,0,outside the box,,,,,False,,,,,,,,,,,,,,,,,,,,,,,,,,,
3943043,84,2,0,Spain,England,1,1,Final,Corner,Lamine Yamal Nasraoui Ebana,Spain,six yard box,34,"From Corner(20), Regular Play(12), From Keeper(2)","Carry(8), Pass(7), Ball Receipt*(6), Pressure(4), Duel(2)","Lamine Yamal Nasraoui Ebana under pressure, delivers the corner a dangerous long ball through the air into the central attacking third, INTERCEPTED! Spain loses the ball","[84:02] Daniel Olmo Carvajal under pressure, carries the ball - BUT LOSES IT! . Luke Shaw closes down Daniel Olmo Carvajal . Daniel Olmo Carvajal takes on the defender . Luke Shaw in the duel . Nicholas Williams Arthuer wins the ball back","[Corner] Corner, Spain. Conceded by Declan Rice (England). Lamine Yamal to deliver.",gpt-4o-mini,2025-12-09T10:33:00.931120,,0,Daniel Olmo Carvajal,6,,0,close range,,,,,False,Lamine Yamal Nasraoui Ebana,Declan Rice,,,,,,,,,,,,,,,,,,,,,,,,,
3943043,85,2,0,Spain,England,2,1,Final,Goal,Mikel Oyarzabal Ugarte,Spain,centre of the box,50,"From Keeper(30), From Throw In(20)","Pass(15), Ball Receipt*(15), Carry(13), Pressure(3), Dribbled Past(1)",‚öΩ GOOOAL! Mikel Oyarzabal Ugarte scores! What a strike with the right foot from close range (9m)! Spain now lead 2-1! His first goal of the tournament late in the game! A vital goal in the closing stages! ,"[85:53] Mikel Oyarzabal Ugarte under pressure, plays a medium pass forward along the ground to Marc Cucurella Saseta into the right attacking third . Kyle Walker closes down Mikel Oyarzabal Ugarte . Marc Cucurella Saseta receives under pressure in the right attacking third under pressure, carries the ball, ‚öΩ GOOOAL! Mikel Oyarzabal Ugarte scores! What a strike with the right foot from close range (9m)! Spain now lead 2-1! His first goal of the tournament late in the game! A vital goal in the clo","[Goal] Goal! Spain 2, England 1. Mikel Oyarzabal (Spain) right footed shot from the centre of the box, assisted by Marc Cucurella.",gpt-4o-mini,2025-12-09T10:33:04.510538,Spain,2,Marc Guehi,9,,0,inside the box,,,,,False,,,,,,,,,,,,,,,Right Foot,Normal,0.2833282,Marc Cucurella Saseta,,,,,,,,,Mikel Oyarzabal Ugarte
3943043,87,2,0,Spain,England,2,1,Final,General,Ollie Watkins,England,centre of the box,23,From Kick Off(23),"Pass(6), Ball Receipt*(6), Pressure(3), Carry(3), Duel(1)",Ollie Watkins closes down the ball carrier,"[87:58] Ollie Watkins closes down the ball carrier . Jos√© Ignacio Fern√°ndez Iglesias clears the danger, ‚öîÔ∏è SUBSTITUTION for Spain: Lamine Yamal Nasraoui Ebana comes off, replaced by Mikel Merino Zaz√≥n. Lamine Yamal Nasraoui Ebana was playing as Right Wing","[General] England completely dominant in midfield. Ollie Watkins very active, controlling play.",gpt-4o-mini,2025-12-09T10:33:07.730439,,0,Ollie Watkins,7,,0,edge of the box,,,,,False,,,,,,,,,,,,,,,,,,,,,,,,,,,
3943043,88,2,0,Spain,England,2,1,Final,Substitution,Lamine Yamal Nasraoui Ebana,Spain,,1,From Kick Off(1),Substitution(1),"‚öîÔ∏è SUBSTITUTION for Spain: Lamine Yamal Nasraoui Ebana comes off, replaced by Mikel Merino Zaz√≥n. Lamine Yamal Nasraoui Ebana was playing as Right Wing","[87:58] Ollie Watkins closes down the ball carrier . Jos√© Ignacio Fern√°ndez Iglesias clears the danger, ‚öîÔ∏è SUBSTITUTION for Spain: Lamine Yamal Nasraoui Ebana comes off, replaced by Mikel Merino Zaz√≥n. Lamine Yamal Nasraoui Ebana was playing as Right Wing","[Substitution] Substitution, Spain. Lamine Yamal is replaced by Mikel Merino. Tactical change for Spain.",gpt-4o-mini,2025-12-09T10:33:11.047435,,0,,0,,0,,,,,,False,,,,,,,,,,,,,,,,,,,,,,,,,Lamine Yamal Nasraoui Ebana,"{'outcome': {'id': 103, 'name': 'Tactical'}, 'replacement': {'id': 3042, 'name': 'Mikel Merino Zaz√≥n'}}",
3943043,89,2,0,Spain,England,2,1,Final,Substitution,Phil Foden,England,,16,"From Corner(14), From Kick Off(1), From Goal Kick(1)","Shot(3), Goal Keeper(3), Pass(2), Ball Recovery(2), Tactical Shift(2)","‚öîÔ∏è SUBSTITUTION for England: Phil Foden comes off, replaced by Ivan Toney. Phil Foden was playing as Left Wing","[89:12] ‚öîÔ∏è SUBSTITUTION for England: Phil Foden comes off, replaced by Ivan Toney. Phil Foden was playing as Left Wing","[Substitution] Substitution, England. Phil Foden off, Ivan Toney on. 

[Shots Pressure] Goalmouth scramble! England with three consecutive attempts on goal.",gpt-4o-mini,2025-12-09T10:33:14.593942,England,2,,0,pressure,3,,,,,,False,,,,,,,,,,,,,,,,,,,,,,,,,Phil Foden,"{'outcome': {'id': 103, 'name': 'Tactical'}, 'replacement': {'id': 3834, 'name': 'Ivan Toney'}}",
3943043,90,2,0,Spain,England,2,1,Final,Yellow Card,Ollie Watkins,England,left side of the box,16,"From Throw In(10), From Goal Kick(6)","Pass(6), Ball Receipt*(5), Pressure(2), Clearance(1), Foul Committed(1)",‚ö†Ô∏è FOUL by Ollie Watkins in the left attacking third - YELLOW CARD for Ollie Watkins!,"[90:50] Aymeric Laporte clears the danger . ‚è±Ô∏è WE'RE INTO STOPPAGE TIME! Seconds remaining in this crucial Euro 2024 match! From the goal kick, Bukayo Saka under pressure, plays a medium pass forward through the air to Ollie Watkins, but the pass doesn't find its target, Ollie Watkins receives under pressure in the left attacking third ‚ö†Ô∏è FOUL by Ollie Watkins in the left attacking third - YELLOW CARD for Ollie Watkins!",[Yellow Card] Ollie Watkins (England) is shown a yellow card for a bad foul on Jos√© Ignacio Fern√°ndez Iglesias (Spain).,gpt-4o-mini,2025-12-09T10:33:17.815250,England,3,,0,,0,outside the box,,,,,False,,,,,Jos√© Ignacio Fern√°ndez Iglesias,Spain,,,,,,,,,,,,,,,Ollie Watkins,England,bad foul,,,,
3943043,91,2,0,Spain,England,2,1,Final,Free Kick,Unai Sim√≥n Mendibil,Spain,defensive half,4,"From Free Kick(3), Regular Play(1)","Pass(2), Ball Receipt*(1), Duel(1)","Unai Sim√≥n Mendibil under pressure, delivers the free kick a long ball forward through the air to Mikel Merino Zaz√≥n into the central attacking third, but the pass doesn't find its target","[90:54] Jos√© Ignacio Fern√°ndez Iglesias is fouled, Unai Sim√≥n Mendibil under pressure, delivers the free kick a long ball forward through the air to Mikel Merino Zaz√≥n into the central attacking third, but the pass doesn't find its target",[Free Kick] Unai Sim√≥n (Spain) wins a free kick in the defensive half.,gpt-4o-mini,2025-12-09T10:33:20.926249,England,3,,0,,0,long range,,,,,False,,,,,Unai Sim√≥n Mendibil,Spain,,,,,,,,,,,,,,,,,,,,,
3943043,92,2,0,Spain,England,2,1,Final,Free Kick,Cole Palmer,England,defensive half,25,"From Free Kick(15), Regular Play(10)","Ball Receipt*(4), Pass(4), Pressure(4), Carry(3), Foul Committed(3)","Cole Palmer under pressure, delivers the free kick a long pass forward along the ground to Marc Guehi","[92:08] Cole Palmer is fouled under pressure, delivers the free kick a long pass forward along the ground to Marc Guehi . Daniel Olmo Carvajal closes down Marc Guehi, Mikel Merino Zaz√≥n closes down the ball carrier ‚ö†Ô∏è FOUL by Mikel Merino Zaz√≥n in the central midfield","[Free Kick] Free kick to Spain, fouled by Bukayo Saka on Marc Cucurella.",gpt-4o-mini,2025-12-09T10:33:24.036167,,0,,0,,0,long range,,,,,False,,,,,Marc Cucurella Saseta,Spain,,,Bukayo Saka,England,,,,,,,,,,,,,,,,,
3943043,93,2,0,Spain,England,2,1,Final,Free Kick,Unai Sim√≥n Mendibil,Spain,defensive half,4,From Free Kick(4),"Pass(1), Ball Receipt*(1), Foul Committed(1), Foul Won(1)","Unai Sim√≥n Mendibil under pressure, delivers the free kick a long ball forward through the air to Mikel Merino Zaz√≥n into the right attacking third","[92:47] Marc Cucurella Saseta is fouled, Unai Sim√≥n Mendibil under pressure, delivers the free kick a long ball forward through the air to Mikel Merino Zaz√≥n into the right attacking third","[Free Kick] Free kick to England, fouled by Mikel Merino (Spain) on Marc Guehi.",gpt-4o-mini,2025-12-09T10:33:27.096128,,0,,0,,0,long range,,,,,False,,,,,Marc Guehi,England,,,Mikel Merino Zaz√≥n,Spain,,,,,,,,,,,,,,,,,
3943043,94,2,0,Spain,England,2,1,Final,Free Kick,,Spain,,2,From Free Kick(2),Half End(2),Half End,[93:49] Marc Guehi is fouled . Half End . Half End,"[Free Kick] Free kick to Spain, fouled by Marc Guehi (England).",gpt-4o-mini,2025-12-09T10:33:29.859332,,0,,0,,0,,,,,,False,,,,,,Spain,,,Marc Guehi,England,,,,,,,,,,,,,,,,,
