minute,sequence_rank,real_commentary,real_commentary_type,our_sequence_commentary,sequence_id,score_before,average_score,cosine_similarity,entity_overlap,semantic_similarity,entity_players_match,entity_actions_match,entity_outcome_match
1,1,KICKOFF:  THE SECOND EURO 2024 SEMI-FINAL IS UNDERWAY!,key_event,"[0:00]  THE EURO 2024 MATCH IS UNDERWAY! Welcome for this clash between England and Netherlands. Both teams have fought hard to reach this stage of Euro 2024. We're all set for kick-off! Kobbie Mainoo under pressure, plays a long pass back along the ground to Jordan Pickford Jordan Pickford receives under pressure, carries the ball from the central defensive third into the right defensive third - BUT LOSES IT! . Memphis Depay closes down Jordan Pickford .  THE EURO 2024 MATCH IS UNDERWAY! Welcome for this clash between England and Netherlands. Both teams have fought hard to reach this stage of Euro 2024. We're all set for kick-off! Jordan Pickford under MASSIVE pressure, plays a long ball forward through the air into the left attacking third, INTERCEPTED! England loses the ball",2,N/A,0.3289,0.1374,0.2,0.6493,0.0,0.0,1.0
1,2,KICKOFF:  THE SECOND EURO 2024 SEMI-FINAL IS UNDERWAY!,key_event,[0:00] Starting XI . Starting XI . Half Start . Half Start,1,N/A,0.1855,0.0,0.2,0.3566,0.0,0.0,1.0
1,3,KICKOFF:  THE SECOND EURO 2024 SEMI-FINAL IS UNDERWAY!,key_event,"[0:39] Jerdy Schouten under pressure, delivers the free kick a short pass back along the ground to Stefan de Vrij Stefan de Vrij receives under pressure, carries the ball under pressure, delivers the free kick a medium pass along the ground to Virgil van Dijk Virgil van Dijk receives",6,N/A,0.1654,0.0,0.2,0.2963,0.0,0.0,1.0
1,4,KICKOFF:  THE SECOND EURO 2024 SEMI-FINAL IS UNDERWAY!,key_event,"[0:28] Nathan Aké under pressure, carries the ball under pressure, delivers the free kick a medium pass back along the ground to Virgil van Dijk Virgil van Dijk receives under pressure, carries the ball under pressure, delivers the free kick a medium pass along the ground to Stefan de Vrij",5,N/A,0.1408,0.0,0.2,0.2225,0.0,0.0,1.0
1,5,KICKOFF:  THE SECOND EURO 2024 SEMI-FINAL IS UNDERWAY!,key_event,"[0:13] Harry Kane under pressure, carries the ball - BUT LOSES IT! . Tijjani Reijnders closes down Harry Kane . Harry Kane loses control under pressure!",3,N/A,0.138,0.0,0.2,0.214,0.0,0.0,1.0
1,6,KICKOFF:  THE SECOND EURO 2024 SEMI-FINAL IS UNDERWAY!,key_event,"[0:16] Cody Mathès Gakpo wins the ball back under pressure, carries the ball - BUT LOSES IT! . Kyle Walker closes down Cody Mathès Gakpo ⚠ FOUL by Kyle Walker in the central midfield . Cody Mathès Gakpo is fouled",4,N/A,0.137,0.0,0.2,0.2111,0.0,0.0,1.0
2,1,Malen immediately tries a run in behind but the Dutchman is caught offside.,general,"[1:49] Kobbie Mainoo under pressure, delivers the free kick a short pass along the ground to Jude Bellingham Jude Bellingham receives under pressure, carries the ball - BUT LOSES IT! . Xavi Simons closes down Jude Bellingham . Jude Bellingham under MASSIVE pressure, delivers the free kick a short pass along the ground, INTERCEPTED! England loses the ball",12,N/A,0.1778,0.0,0.2,0.3334,0.0,0.0,1.0
2,2,Malen immediately tries a run in behind but the Dutchman is caught offside.,general,"[0:51] Denzel Dumfries receives under pressure, carries the ball under pressure, delivers the free kick a medium pass back along the ground to Stefan de Vrij Stefan de Vrij receives under pressure, carries the ball",7,N/A,0.1767,0.0,0.2,0.33,0.0,0.0,1.0
2,3,Malen immediately tries a run in behind but the Dutchman is caught offside.,general,"[1:36] Phil Foden under pressure, carries the ball under pressure, delivers the free kick a medium pass back along the ground to Jude Bellingham Jude Bellingham receives under pressure, carries the ball under pressure, delivers the free kick a medium pass along the ground to John Stones",10,N/A,0.17,0.0,0.2,0.3099,0.0,0.0,1.0
2,4,Malen immediately tries a run in behind but the Dutchman is caught offside.,general,"[1:20] Marc Guehi under pressure, delivers the free kick a long pass back along the ground to Jordan Pickford Jordan Pickford receives under pressure, delivers the free kick a medium pass forward along the ground to John Stones John Stones receives under pressure, carries the ball",8,N/A,0.1597,0.0,0.2,0.2792,0.0,0.0,1.0
2,5,Malen immediately tries a run in behind but the Dutchman is caught offside.,general,"[1:31] Jude Bellingham under pressure, carries the ball under pressure, delivers the free kick a medium pass along the ground to Marc Guehi Marc Guehi receives under pressure, carries the ball under pressure, delivers the free kick a medium pass forward along the ground to Kieran Trippier",9,N/A,0.1593,0.0,0.2,0.2779,0.0,0.0,1.0
2,6,Malen immediately tries a run in behind but the Dutchman is caught offside.,general,"[1:44] Cody Mathès Gakpo closes down Kyle Walker is beaten by Cody Mathès Gakpo! . Kyle Walker takes on the defender under pressure, carries the ball - BUT LOSES IT! . Cody Mathès Gakpo closes down Kyle Walker",11,N/A,0.1515,0.0,0.2,0.2546,0.0,0.0,1.0
4,1,"England settle into a nice period of possession and Phil Foden wins a free kick off of Jerdy Schouten. CHANCE!  The effervescent Simons charges forward on the right and tries to thread a pass into Malen, but Guehi does enough to shield the ball back to Jordan Pickford.",general,"[2:39] Kobbie Mainoo under pressure, delivers the free kick a short pass along the ground to Phil Foden Phil Foden receives under pressure, carries the ball from the central midfield into the right midfield - BUT LOSES IT! . Jerdy Schouten closes down Phil Foden ⚠ FOUL by Jerdy Schouten in the left midfield",17,N/A,0.3957,0.1402,0.4429,0.604,0.14285714285714285,0.2,1.0
4,2,"England settle into a nice period of possession and Phil Foden wins a free kick off of Jerdy Schouten. CHANCE!  The effervescent Simons charges forward on the right and tries to thread a pass into Malen, but Guehi does enough to shield the ball back to Jordan Pickford.",general,"[3:30] Memphis Depay under pressure, plays a medium pass forward along the ground to Xavi Simons Xavi Simons receives under pressure, drives forward with the ball from the left midfield into the left attacking third under pressure, plays a long pass forward along the ground to Donyell Malen into the central attacking third, INTERCEPTED! Netherlands loses the ball . Kyle Walker closes down Xavi Simons",22,N/A,0.3006,0.0835,0.375,0.4432,0.375,0.25,1.0
4,3,"England settle into a nice period of possession and Phil Foden wins a free kick off of Jerdy Schouten. CHANCE!  The effervescent Simons charges forward on the right and tries to thread a pass into Malen, but Guehi does enough to shield the ball back to Jordan Pickford.",general,"[3:15] Phil Foden under pressure, carries the ball - BUT LOSES IT! . Stefan de Vrij closes down Phil Foden . Phil Foden takes on the defender",19,N/A,0.2732,0.0561,0.2429,0.5206,0.14285714285714285,0.0,1.0
4,4,"England settle into a nice period of possession and Phil Foden wins a free kick off of Jerdy Schouten. CHANCE!  The effervescent Simons charges forward on the right and tries to thread a pass into Malen, but Guehi does enough to shield the ball back to Jordan Pickford.",general,"[3:24] Stefan de Vrij under pressure, plays a short pass along the ground to Denzel Dumfries Denzel Dumfries receives under pressure, carries the ball under pressure, plays a medium pass along the ground to Jerdy Schouten Jerdy Schouten receives",21,N/A,0.2494,0.0814,0.2833,0.3836,0.0,0.3333333333333333,1.0
4,5,"England settle into a nice period of possession and Phil Foden wins a free kick off of Jerdy Schouten. CHANCE!  The effervescent Simons charges forward on the right and tries to thread a pass into Malen, but Guehi does enough to shield the ball back to Jordan Pickford.",general,"[3:11] Declan Rice receives under pressure, carries the ball under pressure, delivers the free kick a medium pass forward along the ground to Harry Kane Harry Kane receives under pressure, carries the ball - BUT LOSES IT!",18,N/A,0.2319,0.068,0.2625,0.3653,0.0,0.25,1.0
4,6,"England settle into a nice period of possession and Phil Foden wins a free kick off of Jerdy Schouten. CHANCE!  The effervescent Simons charges forward on the right and tries to thread a pass into Malen, but Guehi does enough to shield the ball back to Jordan Pickford.",general,"[3:16] Stefan de Vrij in the duel Virgil van Dijk wins the ball back under pressure, carries the ball under pressure, plays a medium pass back along the ground to Bart Verbruggen Bart Verbruggen receives",20,N/A,0.2079,0.0444,0.2833,0.2961,0.0,0.3333333333333333,1.0
5,1,"CHANCE!  England quickly go down the other end and Saka floats in a cross to the back stick, but Stefan de Vrij is there to clear.",key_event,"[4:04] Harry Kane receives under pressure in the central attacking third under pressure, carries the ball under pressure, plays a dangerous short pass along the ground to Bukayo Saka into the left attacking third Bukayo Saka receives under pressure in the left attacking third under pressure, carries the ball",24,N/A,0.2773,0.0229,0.35,0.4589,0.5,0.0,1.0
5,2,"CHANCE!  England quickly go down the other end and Saka floats in a cross to the back stick, but Stefan de Vrij is there to clear.",key_event,"[4:24] Phil Foden under pressure, carries the ball under pressure, plays a dangerous medium pass forward along the ground to Kieran Trippier into the DANGER ZONE Kieran Trippier receives under pressure in the right attacking third",26,N/A,0.1492,0.0,0.2,0.2477,0.0,0.0,1.0
5,3,"CHANCE!  England quickly go down the other end and Saka floats in a cross to the back stick, but Stefan de Vrij is there to clear.",key_event,"[4:17] Declan Rice receives under pressure in the right attacking third under pressure, carries the ball under pressure, plays a short pass along the ground to Kobbie Mainoo into the central attacking third Kobbie Mainoo receives under pressure in the central attacking third under pressure, carries the ball from the central attacking third into the right attacking third",25,N/A,0.1334,0.0,0.2,0.2001,0.0,0.0,1.0
5,4,"CHANCE!  England quickly go down the other end and Saka floats in a cross to the back stick, but Stefan de Vrij is there to clear.",key_event,"[3:37] The goalkeeper deals with it under pressure, carries the ball under pressure, plays a long pass forward to Kieran Trippier Kieran Trippier receives under pressure, carries the ball",23,N/A,0.085,0.0,0.0,0.2549,0.0,0.0,0.0
7,1,Kieran Trippier goes for the long ball over the top to Bellingham - back in Dortmund territory - but it rolls harmlessly through to Bart Verbruggen. GOAL!  NETHERLANDS 1-0 ENGLAND (SIMONS) GOAL!  AND THAT IS WHAT XAVI SIMONS DOES. THE NETHERLANDS LEAD IN THE SEVENTH MINUTE.,key_event,"[6:02] Kieran Trippier under pressure, carries the ball under pressure, plays a long ball forward through the air to Jude Bellingham into the right attacking third, but the pass doesn't find its target Jude Bellingham receives",35,N/A,0.2785,0.0866,0.12,0.629,0.4,0.0,0.0
7,2,Kieran Trippier goes for the long ball over the top to Bellingham - back in Dortmund territory - but it rolls harmlessly through to Bart Verbruggen. GOAL!  NETHERLANDS 1-0 ENGLAND (SIMONS) GOAL!  AND THAT IS WHAT XAVI SIMONS DOES. THE NETHERLANDS LEAD IN THE SEVENTH MINUTE.,key_event,"[6:07] Bart Verbruggen wins the ball back under pressure, plays a medium pass forward along the ground to Virgil van Dijk Virgil van Dijk receives under pressure, plays a short pass along the ground to Jerdy Schouten Jerdy Schouten receives",36,N/A,0.1983,0.0176,0.05,0.5272,0.16666666666666666,0.0,0.0
7,3,Kieran Trippier goes for the long ball over the top to Bellingham - back in Dortmund territory - but it rolls harmlessly through to Bart Verbruggen. GOAL!  NETHERLANDS 1-0 ENGLAND (SIMONS) GOAL!  AND THAT IS WHAT XAVI SIMONS DOES. THE NETHERLANDS LEAD IN THE SEVENTH MINUTE.,key_event,[6:42] The goalkeeper deals with it,39,N/A,0.1863,0.0,0.2,0.3588,0.0,0.0,1.0
7,4,Kieran Trippier goes for the long ball over the top to Bellingham - back in Dortmund territory - but it rolls harmlessly through to Bart Verbruggen. GOAL!  NETHERLANDS 1-0 ENGLAND (SIMONS) GOAL!  AND THAT IS WHAT XAVI SIMONS DOES. THE NETHERLANDS LEAD IN THE SEVENTH MINUTE.,key_event,"[6:34] Denzel Dumfries under pressure, plays a long ball forward through the air to Cody Mathès Gakpo into the left attacking third, but the pass doesn't find its target Cody Mathès Gakpo receives under pressure in the central attacking third . Marc Guehi under pressure, plays a short pass through the air to Declan Rice Declan Rice receives under pressure, carries the ball from the right midfield into the right defensive third - BUT LOSES IT!",38,N/A,0.138,0.0265,0.0,0.3874,0.0,0.0,0.0
7,5,Kieran Trippier goes for the long ball over the top to Bellingham - back in Dortmund territory - but it rolls harmlessly through to Bart Verbruggen. GOAL!  NETHERLANDS 1-0 ENGLAND (SIMONS) GOAL!  AND THAT IS WHAT XAVI SIMONS DOES. THE NETHERLANDS LEAD IN THE SEVENTH MINUTE.,key_event,"[6:20] Memphis Depay under pressure, carries the ball from the central midfield into the left midfield under pressure, plays a medium pass back along the ground to Stefan de Vrij Stefan de Vrij receives under pressure, carries the ball under pressure, plays a medium pass along the ground to Virgil van Dijk",37,N/A,0.1326,0.0149,0.0,0.383,0.0,0.0,0.0
7,6,Kieran Trippier goes for the long ball over the top to Bellingham - back in Dortmund territory - but it rolls harmlessly through to Bart Verbruggen. GOAL!  NETHERLANDS 1-0 ENGLAND (SIMONS) GOAL!  AND THAT IS WHAT XAVI SIMONS DOES. THE NETHERLANDS LEAD IN THE SEVENTH MINUTE.,key_event,"[5:54] Kyle Walker receives under pressure, carries the ball under pressure, plays a medium pass back along the ground to John Stones John Stones receives under pressure, carries the ball",34,N/A,0.1157,0.0208,0.0,0.3263,0.0,0.0,0.0
12,1,Foden takes it but his Manchester City teammate Ake heads clear.,general,"[10:38] Xavi Simons closes down Jude Bellingham receives . Bukayo Saka wins the ball back under pressure, drives forward with the ball from the left midfield into the central attacking third - BUT LOSES IT! . Cody Mathès Gakpo closes down Bukayo Saka",45,N/A,0.1829,0.0,0.2,0.3488,0.0,0.0,1.0
12,2,Foden takes it but his Manchester City teammate Ake heads clear.,general,"[11:34] Declan Rice under pressure, delivers the free kick a dangerous short pass along the ground into the central attacking third, INTERCEPTED! England loses the ball . Crucial block by Denzel Dumfries! Virgil van Dijk clears the danger . Kieran Trippier under pressure, plays a dangerous short pass to Declan Rice into the DANGER ZONE Declan Rice receives under pressure in the right attacking third",46,N/A,0.129,0.0,0.0357,0.3514,0.0,0.14285714285714285,0.0
13,1,Trippier takes this one and finds Rice at the back post. The Arsenal man tries to cut back for a teammate but can only find the boot of Van Dijk.,general,"[12:16] Stefan de Vrij under pressure, delivers the free kick a long pass along the ground to Bart Verbruggen Bart Verbruggen receives under pressure, carries the ball under pressure, delivers the free kick a medium pass along the ground to Virgil van Dijk Virgil van Dijk receives",47,N/A,0.2538,0.0679,0.26,0.4334,0.2,0.0,1.0
13,2,Trippier takes this one and finds Rice at the back post. The Arsenal man tries to cut back for a teammate but can only find the boot of Van Dijk.,general,"[12:30] Kieran Trippier in the duel under pressure, carries the ball under pressure, plays a short pass along the ground to Kobbie Mainoo Kobbie Mainoo receives under pressure, carries the ball - BUT LOSES IT!",49,N/A,0.2105,0.0141,0.26,0.3574,0.2,0.0,1.0
13,3,Trippier takes this one and finds Rice at the back post. The Arsenal man tries to cut back for a teammate but can only find the boot of Van Dijk.,general,"[12:25] Bart Verbruggen under pressure, delivers the free kick a long pass forward along the ground to Xavi Simons . Declan Rice closes down Bart Verbruggen . Xavi Simons receives under pressure, carries the ball under pressure, delivers the free kick a medium pass forward along the ground to Donyell Malen",48,N/A,0.2035,0.0109,0.2375,0.3622,0.125,0.0,1.0
13,4,Trippier takes this one and finds Rice at the back post. The Arsenal man tries to cut back for a teammate but can only find the boot of Van Dijk.,general,"[12:36] Jude Bellingham receives under pressure in the right attacking third under pressure, carries the ball under pressure, plays a long pass along the ground to Harry Kane into the central attacking third Harry Kane receives under pressure in the central attacking third under pressure, carries the ball",50,N/A,0.187,0.0,0.2,0.361,0.0,0.0,1.0
14,1,SAVE!  HARRY KANE HAS A SHOT! SHOT!  Kane now fires over the top after a quick break and brilliant work from Saka!,key_event,"[13:35] Stefan de Vrij closes down Harry Kane . Harry Kane under MASSIVE pressure, plays a medium pass forward along the ground to Bukayo Saka into the left attacking third Bukayo Saka receives under pressure in the left attacking third under pressure, carries the ball - NOW IN THE DANGER ZONE! - BUT LOSES IT! . Nathan Aké closes down Bukayo Saka",55,N/A,0.3075,0.0842,0.2,0.6383,0.6666666666666666,0.0,0.0
14,2,SAVE!  HARRY KANE HAS A SHOT! SHOT!  Kane now fires over the top after a quick break and brilliant work from Saka!,key_event,"[12:54] Kobbie Mainoo receives under pressure in the right attacking third under pressure, carries the ball under pressure, plays a short pass back along the ground to Declan Rice Declan Rice receives under pressure, carries the ball",51,N/A,0.0754,0.0,0.0,0.2263,0.0,0.0,0.0
14,3,SAVE!  HARRY KANE HAS A SHOT! SHOT!  Kane now fires over the top after a quick break and brilliant work from Saka!,key_event,"[13:02] Phil Foden under pressure, carries the ball under pressure, plays a medium pass back along the ground to Declan Rice Declan Rice receives under pressure, carries the ball from the central midfield into the right midfield under pressure, plays a short pass along the ground to Marc Guehi",52,N/A,0.0697,0.0,0.0,0.2091,0.0,0.0,0.0
14,4,SAVE!  HARRY KANE HAS A SHOT! SHOT!  Kane now fires over the top after a quick break and brilliant work from Saka!,key_event,"[13:13] Kieran Trippier under pressure, plays a medium pass back along the ground to Marc Guehi Marc Guehi receives under pressure, carries the ball under pressure, plays a long pass back along the ground to Jordan Pickford Jordan Pickford receives",53,N/A,0.0691,0.0,0.0,0.2072,0.0,0.0,0.0
14,5,SAVE!  HARRY KANE HAS A SHOT! SHOT!  Kane now fires over the top after a quick break and brilliant work from Saka!,key_event,"[13:29] Marc Guehi receives under pressure, carries the ball under pressure, plays a medium pass forward along the ground to Jude Bellingham Jude Bellingham receives under pressure, carries the ball",54,N/A,0.047,0.0,0.0,0.1411,0.0,0.0,0.0
18,1,"GOAL!  NETHERLANDS 1-1 ENGLAND (KANE) GOAL!  Kane makes no mistake! Verbruggen dives the right way, but Kane's penalty is just too perfect.",key_event,"[13:43] Harry Kane under pressure, carries the ball - BUT LOSES IT! . Denzel Dumfries closes down Harry Kane ⚠ FOUL by Denzel Dumfries in the central defensive third - YELLOW CARD for Denzel Dumfries! PENALTY! . Harry Kane is fouled  GOOOAL! Harry Kane scores! What a strike with the right foot! England now lead 2-0! His 3rd goal of the tournament in the 17th minute! A crucial two-goal lead!",56,N/A,0.4219,0.1909,0.475,0.5999,0.25,0.2,1.0
20,1,"There will certainly be some debate about the awarding of the penalty - I initially didn't think it was, but upon seeing a replay, Dumfries did go in with his studs.",general,"[19:00] Kieran Trippier under pressure, plays a long ball forward through the air into the right attacking third, INTERCEPTED! England loses the ball",58,N/A,0.0909,0.0,0.0,0.2727,0.0,0.0,0.0
20,2,"There will certainly be some debate about the awarding of the penalty - I initially didn't think it was, but upon seeing a replay, Dumfries did go in with his studs.",general,"[19:18] Bart Verbruggen under pressure, carries the ball - BUT LOSES IT! . Harry Kane closes down Bart Verbruggen . Bart Verbruggen under MASSIVE pressure, plays a long pass forward along the ground to Memphis Depay Memphis Depay receives under pressure, carries the ball",60,N/A,0.0796,0.0,0.0,0.2387,0.0,0.0,0.0
20,3,"There will certainly be some debate about the awarding of the penalty - I initially didn't think it was, but upon seeing a replay, Dumfries did go in with his studs.",general,"[19:07] Virgil van Dijk wins the ball back under pressure, carries the ball under pressure, plays a long pass back along the ground to Bart Verbruggen Bart Verbruggen receives under pressure, carries the ball",59,N/A,0.079,0.0,0.0,0.237,0.0,0.0,0.0
20,4,"There will certainly be some debate about the awarding of the penalty - I initially didn't think it was, but upon seeing a replay, Dumfries did go in with his studs.",general,"[19:27] Kyle Walker intercepts! . Nathan Aké under pressure, plays a long pass back to Virgil van Dijk Virgil van Dijk receives under pressure, carries the ball under pressure, plays a long pass along the ground to Stefan de Vrij",61,N/A,0.0445,0.0,0.0,0.1336,0.0,0.0,0.0
23,1,CLOSE!  WHAT. A. CLEARANCE!!!!,key_event,"[22:25] Kobbie Mainoo under pressure, plays a dangerous short pass along the ground to Phil Foden into the DANGER ZONE Phil Foden receives under pressure in the left attacking third under pressure, carries the ball - NOW IN THE DANGER ZONE! - BUT LOSES IT! . Nathan Aké closes down Phil Foden Virgil van Dijk closes down the ball carrier",75,N/A,0.1329,0.0,0.2,0.1988,0.0,0.0,1.0
23,2,CLOSE!  WHAT. A. CLEARANCE!!!!,key_event,"[22:06] Kieran Trippier under pressure, plays a medium pass forward along the ground to Jude Bellingham Jude Bellingham receives under pressure, carries the ball - BUT LOSES IT! . Jerdy Schouten closes down Jude Bellingham . Jude Bellingham under pressure, plays a short pass along the ground, INTERCEPTED! England loses the ball",73,N/A,0.1069,0.0,0.2,0.1207,0.0,0.0,1.0
23,3,CLOSE!  WHAT. A. CLEARANCE!!!!,key_event,"[22:00] Tijjani Reijnders under pressure, plays a short pass along the ground to Nathan Aké Nathan Aké receives under pressure, carries the ball from the right defensive third into the right midfield under pressure, plays a medium pass forward along the ground to Memphis Depay . Declan Rice closes down Nathan Aké",72,N/A,0.103,0.0,0.2,0.1089,0.0,0.0,1.0
23,4,CLOSE!  WHAT. A. CLEARANCE!!!!,key_event,"[22:46] John Stones receives under pressure in the left attacking third under pressure, carries the ball under pressure, plays a medium pass along the ground to Declan Rice into the central attacking third Declan Rice receives under pressure in the central attacking third under pressure, carries the ball",76,N/A,0.0877,0.0,0.2,0.0632,0.0,0.0,1.0
23,5,CLOSE!  WHAT. A. CLEARANCE!!!!,key_event,"[21:31] Tijjani Reijnders wins the ball back under pressure, carries the ball under pressure, plays a medium pass forward to Memphis Depay Memphis Depay receives under pressure, carries the ball - BUT LOSES IT!",71,N/A,0.08,0.0,0.2,0.0399,0.0,0.0,1.0
23,6,CLOSE!  WHAT. A. CLEARANCE!!!!,key_event,"[22:15] Harry Kane under pressure, carries the ball under pressure, plays a short pass back along the ground to Kyle Walker Kyle Walker receives under pressure, carries the ball under pressure, plays a medium pass forward along the ground to Phil Foden",74,N/A,0.0769,0.0,0.2,0.0308,0.0,0.0,1.0
24,1,"CLOSE!  Mainoo and Foden link up brilliantly as the latter prods the ball towards goal from a tight angle, and his toe-poke beats Verbruggen but Dumfries is there to stop the ball right on the line!",key_event,"[22:54] John Stones under pressure, carries the ball under pressure, plays a medium pass forward along the ground to Bukayo Saka Bukayo Saka receives under pressure, carries the ball from the left midfield into the left attacking third under pressure, plays a long ball forward through the air to Kieran Trippier into the right attacking third",77,N/A,0.1981,0.0611,0.15,0.3833,0.0,0.0,0.0
24,2,"CLOSE!  Mainoo and Foden link up brilliantly as the latter prods the ball towards goal from a tight angle, and his toe-poke beats Verbruggen but Dumfries is there to stop the ball right on the line!",key_event,"[23:06] Phil Foden receives under pressure in the central attacking third under pressure, carries the ball under pressure, plays a dangerous medium pass back along the ground to Declan Rice into the DANGER ZONE Declan Rice receives under pressure in the central attacking third under pressure, carries the ball",78,N/A,0.1976,0.0431,0.06,0.4896,0.2,0.0,0.0
24,3,"CLOSE!  Mainoo and Foden link up brilliantly as the latter prods the ball towards goal from a tight angle, and his toe-poke beats Verbruggen but Dumfries is there to stop the ball right on the line!",key_event,"[23:35] Referee drops the ball Kyle Walker wins the ball back under pressure, carries the ball under pressure, plays a dangerous medium pass back along the ground to John Stones into the DANGER ZONE John Stones receives",80,N/A,0.1647,0.0702,0.0,0.4239,0.0,0.0,0.0
24,4,"CLOSE!  Mainoo and Foden link up brilliantly as the latter prods the ball towards goal from a tight angle, and his toe-poke beats Verbruggen but Dumfries is there to stop the ball right on the line!",key_event,"[23:49] Marc Guehi receives under pressure, carries the ball under pressure, plays a medium pass along the ground to John Stones John Stones receives under pressure, carries the ball",81,N/A,0.1461,0.0449,0.0,0.3933,0.0,0.0,0.0
24,5,"CLOSE!  Mainoo and Foden link up brilliantly as the latter prods the ball towards goal from a tight angle, and his toe-poke beats Verbruggen but Dumfries is there to stop the ball right on the line!",key_event,[23:35] Referee drops the ball,79,N/A,0.124,0.0571,0.0,0.315,0.0,0.0,0.0
26,1,"At the risk of jinxing it, this is by far England's best performance at Euro 2024 so far. The Dutch living incredibly dangerously and just unable to contain Southgate's inspired team.",general,"[24:59] Virgil van Dijk under pressure, plays a short pass through the air to Xavi Simons Xavi Simons receives under pressure, plays a short pass along the ground to Jerdy Schouten Jerdy Schouten receives under pressure, carries the ball",89,N/A,0.1552,0.0,0.2,0.2656,0.0,0.0,1.0
26,2,"At the risk of jinxing it, this is by far England's best performance at Euro 2024 so far. The Dutch living incredibly dangerously and just unable to contain Southgate's inspired team.",general,"[25:03] Phil Foden in the duel loses the 50/50 challenge . Stefan de Vrij wins the 50/50! Bart Verbruggen wins the ball back under pressure, carries the ball",90,N/A,0.1431,0.0,0.2,0.2294,0.0,0.0,1.0
26,3,"At the risk of jinxing it, this is by far England's best performance at Euro 2024 so far. The Dutch living incredibly dangerously and just unable to contain Southgate's inspired team.",general,"[25:22] Jerdy Schouten under pressure, carries the ball from the central midfield into the central defensive third under pressure, plays a medium pass forward along the ground to Memphis Depay Memphis Depay receives under pressure, carries the ball from the right midfield into the central midfield under pressure, plays a long ball forward through the air to Donyell Malen into the central attacking third, but the pass doesn't find its target",91,N/A,0.1363,0.0,0.2,0.209,0.0,0.0,1.0
26,4,"At the risk of jinxing it, this is by far England's best performance at Euro 2024 so far. The Dutch living incredibly dangerously and just unable to contain Southgate's inspired team.",general,"[25:42] Denzel Dumfries receives under pressure in the left attacking third under pressure, carries the ball under pressure, plays a dangerous short pass along the ground to Tijjani Reijnders into the DANGER ZONE Tijjani Reijnders receives under pressure in the left attacking third under pressure, carries the ball",93,N/A,0.129,0.0,0.2,0.1869,0.0,0.0,1.0
26,5,"At the risk of jinxing it, this is by far England's best performance at Euro 2024 so far. The Dutch living incredibly dangerously and just unable to contain Southgate's inspired team.",general,"[25:31] Tijjani Reijnders under pressure, carries the ball under pressure, plays a medium pass through the air to Xavi Simons into the left attacking third Xavi Simons receives under pressure in the left attacking third under pressure, carries the ball under pressure, plays a dangerous short pass to Donyell Malen into the DANGER ZONE, but the pass doesn't find its target",92,N/A,0.126,0.0,0.2,0.1781,0.0,0.0,1.0
29,1,"SHOT!  The Netherlands go on one of their quick breaks, but a combination of Walker and Guehi denies Malen as the Netherlands win their first corner of the game.",key_event,"[28:07] Stefan de Vrij intercepts! under pressure, carries the ball - BUT LOSES IT! . Jude Bellingham closes down Stefan de Vrij . Stefan de Vrij under MASSIVE pressure, plays a medium pass forward along the ground to Memphis Depay Memphis Depay receives",104,N/A,0.2015,0.0,0.2,0.4046,0.0,0.0,1.0
29,2,"SHOT!  The Netherlands go on one of their quick breaks, but a combination of Walker and Guehi denies Malen as the Netherlands win their first corner of the game.",key_event,"[28:00] Marc Guehi under pressure, plays a medium pass forward through the air to Declan Rice Declan Rice receives under pressure, carries the ball under pressure, plays a short pass along the ground to Kieran Trippier Kieran Trippier receives",103,N/A,0.1869,0.0122,0.25,0.2984,0.16666666666666666,0.0,1.0
29,3,"SHOT!  The Netherlands go on one of their quick breaks, but a combination of Walker and Guehi denies Malen as the Netherlands win their first corner of the game.",key_event,"[27:29] Phil Foden under pressure, plays a short pass along the ground to Jude Bellingham into the central attacking third Jude Bellingham receives under pressure in the central attacking third under pressure, carries the ball - BUT LOSES IT! . Xavi Simons closes down Jude Bellingham . Jude Bellingham is dispossessed by Xavi Simons!",102,N/A,0.1652,0.0,0.2,0.2956,0.0,0.0,1.0
30,1,OFF THE BAR!  Dumfries is absolutely everywhere tonight!,key_event,"[28:15] Donyell Malen under pressure, shoots with the left foot from a DANGEROUS position - BLOCKED! . Crucial block by Marc Guehi! Crucial block by Kyle Walker! The goalkeeper deals with it . Xavi Simons under pressure, delivers the corner a dangerous long ball through the air to Denzel Dumfries into the central attacking third",105,N/A,0.0937,0.024,0.0429,0.2142,0.14285714285714285,0.0,0.0
30,2,OFF THE BAR!  Dumfries is absolutely everywhere tonight!,key_event,"[29:36] From the goal kick, Jordan Pickford under pressure, plays a medium pass along the ground to John Stones John Stones receives From the goal kick, John Stones under pressure, plays a short pass forward along the ground to Kobbie Mainoo Kobbie Mainoo receives under pressure, drives forward with the ball from the central defensive third into the left defensive third",106,N/A,0.021,0.0,0.0,0.063,0.0,0.0,0.0
30,3,OFF THE BAR!  Dumfries is absolutely everywhere tonight!,key_event,"[29:46] Kieran Trippier under pressure, carries the ball From the goal kick, Kieran Trippier under pressure, plays a short pass along the ground to Declan Rice Declan Rice receives under pressure, carries the ball From the goal kick, Declan Rice under pressure, plays a medium pass along the ground to Kobbie Mainoo",107,N/A,0.016,0.0,0.0,0.0481,0.0,0.0,0.0
32,1,OFF THE BAR!  OH MY GOODNESS!,key_event,"[31:19] Phil Foden under pressure, carries the ball - BUT LOSES IT! . Cody Mathès Gakpo closes down Phil Foden . Phil Foden under MASSIVE pressure, shoots with the left foot from a DANGEROUS position - HITS THE POST! SO CLOSE! . The goalkeeper deals with it",115,N/A,0.0335,0.0,0.0,0.1006,0.0,0.0,0.0
32,2,OFF THE BAR!  OH MY GOODNESS!,key_event,"[31:04] Kieran Trippier receives under pressure in the right attacking third under pressure, carries the ball From the goal kick, Kieran Trippier under pressure, plays a medium pass back along the ground to Declan Rice Declan Rice receives under pressure, carries the ball",114,N/A,0.0074,0.0,0.0,0.0221,0.0,0.0,0.0
33,1,"Two woodwork hits in two minutes, a Kane penalty and a Simons stunner - this has been an utterly breathless start in Dortmund.",general,"[32:04] Kieran Trippier under pressure, plays a short pass to Declan Rice Declan Rice receives under pressure, carries the ball under pressure, plays a medium pass forward through the air, INTERCEPTED! England loses the ball . Virgil van Dijk under pressure, plays a long ball forward through the air to Donyell Malen into the left attacking third, but the pass doesn't find its target",117,N/A,0.1174,0.0,0.0,0.3521,0.0,0.0,0.0
33,2,"Two woodwork hits in two minutes, a Kane penalty and a Simons stunner - this has been an utterly breathless start in Dortmund.",general,"[31:56] From the goal kick, Virgil van Dijk under pressure, plays a short pass along the ground to Bart Verbruggen Bart Verbruggen receives under pressure, carries the ball From the goal kick, Bart Verbruggen under pressure, plays a long ball forward through the air to Denzel Dumfries, but the pass doesn't find its target Denzel Dumfries receives",116,N/A,0.1006,0.0,0.0,0.3017,0.0,0.0,0.0
33,3,"Two woodwork hits in two minutes, a Kane penalty and a Simons stunner - this has been an utterly breathless start in Dortmund.",general,"[32:12] Kieran Trippier under pressure, carries the ball under pressure, plays a short pass along the ground to Marc Guehi Marc Guehi receives under pressure, carries the ball under pressure, plays a long pass along the ground to John Stones",118,N/A,0.0883,0.0,0.0,0.2649,0.0,0.0,0.0
33,4,"Two woodwork hits in two minutes, a Kane penalty and a Simons stunner - this has been an utterly breathless start in Dortmund.",general,"[32:35] Declan Rice under pressure, plays a medium pass forward along the ground to Kobbie Mainoo Kobbie Mainoo receives under pressure, carries the ball under pressure, plays a short pass along the ground to Phil Foden Phil Foden receives",120,N/A,0.0719,0.0,0.0,0.2156,0.0,0.0,0.0
33,5,"Two woodwork hits in two minutes, a Kane penalty and a Simons stunner - this has been an utterly breathless start in Dortmund.",general,"[32:23] Phil Foden under pressure, plays a medium pass along the ground to Declan Rice . Tijjani Reijnders closes down Phil Foden . Declan Rice receives under pressure, carries the ball under pressure, plays a medium pass along the ground to Phil Foden",119,N/A,0.0553,0.0,0.0,0.166,0.0,0.0,0.0
35,1,NETHERLANDS SUB,key_event,"[32:38] Phil Foden struggles to control under pressure Kobbie Mainoo wins the ball back surges forward on a BRILLIANT run from the central midfield into the central attacking third under pressure, plays a medium pass forward, INTERCEPTED! England loses the ball . Bart Verbruggen wins the ball back",121,N/A,0.1241,0.0,0.2,0.1722,0.0,0.0,1.0
35,2,NETHERLANDS SUB,key_event,"[34:50] Bart Verbruggen wins the ball back under pressure, plays a long ball forward through the air to Denzel Dumfries, but the pass doesn't find its target Denzel Dumfries receives in the duel . Kieran Trippier under pressure, plays a short pass through the air to Declan Rice, but the pass doesn't find its target",122,N/A,0.0772,0.0,0.2,0.0316,0.0,0.0,1.0
37,1,Bellingham goes down under pressure from Schouten but Zwayer is not interested.,general,"[36:06] Jude Bellingham under pressure, carries the ball - BUT LOSES IT! . Jerdy Schouten closes down Jude Bellingham . Jude Bellingham under MASSIVE pressure, plays a medium pass forward along the ground to Kieran Trippier, but it goes out of play Kieran Trippier receives under pressure in the right attacking third",128,N/A,0.4158,0.1784,0.4333,0.6357,0.5,0.3333333333333333,1.0
37,2,Bellingham goes down under pressure from Schouten but Zwayer is not interested.,general,"[36:46] Kieran Trippier under pressure, plays a short pass to Declan Rice Declan Rice receives surges forward on a BRILLIANT run from the right defensive third into the right midfield - BUT LOSES IT! . Cody Mathès Gakpo closes down Declan Rice . Declan Rice under pressure, plays a short pass along the ground to Jude Bellingham",130,N/A,0.2545,0.0504,0.3583,0.3547,0.25,0.3333333333333333,1.0
37,3,Bellingham goes down under pressure from Schouten but Zwayer is not interested.,general,"[35:53] John Stones under pressure, carries the ball under pressure, plays a medium pass along the ground to Declan Rice . Xavi Simons closes down John Stones . Declan Rice receives under pressure, carries the ball",127,N/A,0.1905,0.0646,0.2833,0.2236,0.0,0.3333333333333333,1.0
37,4,Bellingham goes down under pressure from Schouten but Zwayer is not interested.,general,"[36:34] Denzel Dumfries under pressure, plays a long pass forward to Donyell Malen Donyell Malen receives . Marc Guehi in the duel . Donyell Malen under pressure, plays a medium pass forward to Cody Mathès Gakpo . Kyle Walker closes down Donyell Malen",129,N/A,0.1716,0.0361,0.2833,0.1954,0.0,0.3333333333333333,1.0
39,1,"The Netherlands' shape already looks more rigid since the introduction of Veerman. England now reverting to a bit of slow build-up in front of an orange wall. SHOT!  Just as I say that, Foden again tries to pick out the far corner from 25 yards, but Verbruggen - at full stretch - makes the save and holds onto the ball.",general,"[37:57] Phil Foden under pressure, carries the ball from the right midfield into the right attacking third under pressure, plays a short pass along the ground to Kieran Trippier Kieran Trippier receives under pressure in the right attacking third under pressure, carries the ball under pressure, plays a short pass forward along the ground to Phil Foden",136,N/A,0.1685,0.0252,0.075,0.4052,0.25,0.0,0.0
39,2,"The Netherlands' shape already looks more rigid since the introduction of Veerman. England now reverting to a bit of slow build-up in front of an orange wall. SHOT!  Just as I say that, Foden again tries to pick out the far corner from 25 yards, but Verbruggen - at full stretch - makes the save and holds onto the ball.",general,"[38:38] Kobbie Mainoo under pressure, plays a dangerous short pass along the ground to Phil Foden into the central attacking third Phil Foden receives under pressure in the central attacking third under pressure, shoots with the left foot from a DANGEROUS position - SAVED by the goalkeeper! Parried away!",139,N/A,0.1493,0.0162,0.075,0.3567,0.25,0.0,0.0
39,3,"The Netherlands' shape already looks more rigid since the introduction of Veerman. England now reverting to a bit of slow build-up in front of an orange wall. SHOT!  Just as I say that, Foden again tries to pick out the far corner from 25 yards, but Verbruggen - at full stretch - makes the save and holds onto the ball.",general,"[38:24] Phil Foden under pressure, drives forward with the ball from the right midfield into the right attacking third under pressure, plays a short pass along the ground to Kobbie Mainoo into the central attacking third Kobbie Mainoo receives under pressure in the central attacking third under pressure, carries the ball under pressure, plays a medium pass forward through the air to Kyle Walker",138,N/A,0.1488,0.0193,0.06,0.3671,0.2,0.0,0.0
39,4,"The Netherlands' shape already looks more rigid since the introduction of Veerman. England now reverting to a bit of slow build-up in front of an orange wall. SHOT!  Just as I say that, Foden again tries to pick out the far corner from 25 yards, but Verbruggen - at full stretch - makes the save and holds onto the ball.",general,"[38:12] Jordan Pickford receives under pressure, carries the ball under pressure, plays a medium pass forward along the ground to John Stones John Stones receives under pressure, carries the ball",137,N/A,0.0884,0.0182,0.0,0.2471,0.0,0.0,0.0
41,1,"SHOT!  Mainoo - who has been exceptional so far - robs Gakpo and lets fly from range, but his strike smacks Nathan Ake and goes out for a throw.",key_event,"[40:50] Jerdy Schouten in the duel . Kobbie Mainoo under pressure, plays a dangerous short pass to Bukayo Saka into the DANGER ZONE . Cody Mathès Gakpo closes down Kobbie Mainoo . Bukayo Saka receives under pressure in the left attacking third under pressure, plays a dangerous long ball back through the air into the DANGER ZONE, but the pass doesn't find its target",149,N/A,0.3343,0.0412,0.35,0.6118,0.5,0.0,1.0
41,2,"SHOT!  Mainoo - who has been exceptional so far - robs Gakpo and lets fly from range, but his strike smacks Nathan Ake and goes out for a throw.",key_event,"[40:23] Cody Mathès Gakpo takes on the defender . Kobbie Mainoo in the duel under pressure, carries the ball - BUT LOSES IT! . Joey Veerman closes down Kobbie Mainoo . Kobbie Mainoo under MASSIVE pressure, shoots with the right foot from a DANGEROUS position - BLOCKED!",148,N/A,0.3333,0.0672,0.3,0.6327,1.0,0.0,0.0
41,3,"SHOT!  Mainoo - who has been exceptional so far - robs Gakpo and lets fly from range, but his strike smacks Nathan Ake and goes out for a throw.",key_event,"[40:16] Kieran Trippier receives under pressure in the right attacking third under pressure, carries the ball under pressure, plays a dangerous medium pass back along the ground to Harry Kane into the DANGER ZONE Harry Kane receives under pressure in the right attacking third under pressure, carries the ball",147,N/A,0.1714,0.0,0.2,0.3141,0.0,0.0,1.0
41,4,"SHOT!  Mainoo - who has been exceptional so far - robs Gakpo and lets fly from range, but his strike smacks Nathan Ake and goes out for a throw.",key_event,"[39:54] John Stones receives under pressure, carries the ball from the central defensive third into the central midfield under pressure, plays a medium pass along the ground to Marc Guehi Marc Guehi receives under pressure, carries the ball",145,N/A,0.15,0.0,0.2,0.2499,0.0,0.0,1.0
41,5,"SHOT!  Mainoo - who has been exceptional so far - robs Gakpo and lets fly from range, but his strike smacks Nathan Ake and goes out for a throw.",key_event,"[40:03] John Stones under pressure, carries the ball under pressure, plays a medium pass along the ground to Harry Kane Harry Kane receives under pressure, carries the ball under pressure, plays a long ball forward through the air to Kieran Trippier into the right attacking third",146,N/A,0.1456,0.0,0.2,0.2367,0.0,0.0,1.0
43,1,"Approaching half time, England can pat themselves on the back and then some. Whatever they had for breakfast at their hotel this morning has gone down a treat.",general,"[42:17] Declan Rice receives under pressure, carries the ball under pressure, plays a short pass along the ground to Jude Bellingham Jude Bellingham receives under pressure, carries the ball from the right midfield into the central midfield",155,N/A,0.1246,0.0,0.2,0.1739,0.0,0.0,1.0
43,2,"Approaching half time, England can pat themselves on the back and then some. Whatever they had for breakfast at their hotel this morning has gone down a treat.",general,"[41:43] Kieran Trippier under pressure, plays a medium pass forward through the air to Harry Kane Harry Kane receives under pressure, drives forward with the ball - BUT LOSES IT! . Denzel Dumfries closes down Harry Kane . Harry Kane under pressure, plays a long pass to Kyle Walker",153,N/A,0.1199,0.0,0.2,0.1596,0.0,0.0,1.0
43,3,"Approaching half time, England can pat themselves on the back and then some. Whatever they had for breakfast at their hotel this morning has gone down a treat.",general,"[42:53] Declan Rice under pressure, plays a medium pass along the ground to Marc Guehi Marc Guehi receives under pressure, carries the ball under pressure, plays a short pass along the ground to Kieran Trippier into the right attacking third Kieran Trippier receives under pressure in the right attacking third",158,N/A,0.1044,0.0,0.2,0.1131,0.0,0.0,1.0
43,4,"Approaching half time, England can pat themselves on the back and then some. Whatever they had for breakfast at their hotel this morning has gone down a treat.",general,"[42:31] Phil Foden under pressure, drives forward with the ball - BUT LOSES IT! . Nathan Aké closes down Phil Foden . Phil Foden under MASSIVE pressure, plays a medium pass back along the ground to John Stones John Stones receives under pressure, carries the ball",156,N/A,0.1001,0.0,0.2,0.1003,0.0,0.0,1.0
43,5,"Approaching half time, England can pat themselves on the back and then some. Whatever they had for breakfast at their hotel this morning has gone down a treat.",general,"[42:42] Marc Guehi under pressure, carries the ball under pressure, plays a short pass along the ground to Declan Rice Declan Rice receives under pressure, carries the ball under pressure, plays a medium pass along the ground to Kyle Walker",157,N/A,0.0932,0.0,0.2,0.0795,0.0,0.0,1.0
43,6,"Approaching half time, England can pat themselves on the back and then some. Whatever they had for breakfast at their hotel this morning has gone down a treat.",general,"[42:04] John Stones under pressure, plays a long pass along the ground to Marc Guehi Marc Guehi receives under pressure, carries the ball under pressure, plays a medium pass along the ground to John Stones John Stones receives",154,N/A,0.0918,0.0,0.2,0.0754,0.0,0.0,1.0
45,1,"Southgate's men also ending the first 45 the better as Trippier gets down the left, but his cross is straight into Verbruggen's hands. Three minutes added on.",general,"[43:55] Kieran Trippier receives under pressure in the right attacking third under pressure, plays a medium pass forward along the ground to Jude Bellingham Jude Bellingham receives under pressure in the right attacking third under pressure, carries the ball under pressure, plays a dangerous medium pass back along the ground to Kieran Trippier into the DANGER ZONE",164,N/A,0.2268,0.0188,0.3,0.3615,0.3333333333333333,0.0,1.0
45,2,"Southgate's men also ending the first 45 the better as Trippier gets down the left, but his cross is straight into Verbruggen's hands. Three minutes added on.",general,"[44:06] Declan Rice under pressure, plays a medium pass along the ground to Kyle Walker into the central attacking third Kyle Walker receives under pressure in the central attacking third under pressure, carries the ball under pressure, plays a long ball forward through the air to Harry Kane into the left attacking third Harry Kane receives under pressure in the left attacking third",165,N/A,0.2055,0.0182,0.35,0.2484,0.0,0.0,1.0
45,3,"Southgate's men also ending the first 45 the better as Trippier gets down the left, but his cross is straight into Verbruggen's hands. Three minutes added on.",general,"[44:24] Bukayo Saka under pressure, plays a dangerous short pass along the ground to Jude Bellingham into the right attacking third Jude Bellingham receives under pressure in the right attacking third under pressure, carries the ball under pressure, plays a dangerous short pass forward along the ground to Kieran Trippier into the DANGER ZONE Kieran Trippier receives under pressure in the right attacking third",166,N/A,0.2012,0.0171,0.275,0.3116,0.25,0.0,1.0
45,4,"Southgate's men also ending the first 45 the better as Trippier gets down the left, but his cross is straight into Verbruggen's hands. Three minutes added on.",general,"[44:28] The goalkeeper deals with it under pressure, plays a medium pass along the ground to Virgil van Dijk Virgil van Dijk receives under pressure, plays a short pass along the ground to Bart Verbruggen . Jude Bellingham closes down Virgil van Dijk",167,N/A,0.1004,0.0112,0.075,0.215,0.25,0.0,0.0
46,1,KICKOFF:  The Netherlands get us back underway.,key_event,"[45:19] Virgil van Dijk receives under pressure, carries the ball under pressure, plays a short pass along the ground to Jerdy Schouten Jerdy Schouten receives under pressure, carries the ball",171,N/A,0.1872,0.0,0.2,0.3616,0.0,0.0,1.0
46,2,KICKOFF:  The Netherlands get us back underway.,key_event,"[45:02] Jerdy Schouten receives under pressure, plays a short pass along the ground to Tijjani Reijnders Tijjani Reijnders receives surges forward on a BRILLIANT run from the central midfield into the left midfield under pressure, plays a medium pass along the ground to Jerdy Schouten",169,N/A,0.1871,0.0,0.2,0.3612,0.0,0.0,1.0
46,3,KICKOFF:  The Netherlands get us back underway.,key_event,"[45:50] Joey Veerman under MASSIVE pressure, plays a medium pass along the ground to Virgil van Dijk Virgil van Dijk receives under pressure, carries the ball from the central defensive third into the central midfield under pressure, plays a short pass along the ground to Jerdy Schouten Jerdy Schouten receives",174,N/A,0.1816,0.0,0.2,0.3449,0.0,0.0,1.0
46,4,KICKOFF:  The Netherlands get us back underway.,key_event,[45:18] . Jude Bellingham closes down Stefan de Vrij,188,N/A,0.1797,0.0,0.2,0.3391,0.0,0.0,1.0
46,5,KICKOFF:  The Netherlands get us back underway.,key_event,"[45:29] Virgil van Dijk under pressure, carries the ball under pressure, plays a medium pass along the ground to Joey Veerman Joey Veerman receives under pressure, carries the ball under pressure, plays a medium pass back along the ground to Virgil van Dijk",172,N/A,0.1778,0.0,0.2,0.3334,0.0,0.0,1.0
46,6,KICKOFF:  The Netherlands get us back underway.,key_event,"[44:50] Nathan Aké under pressure, plays a medium pass forward along the ground to Joey Veerman Joey Veerman receives surges forward on a BRILLIANT run from the right midfield into the right attacking third under pressure, plays a short pass back along the ground to Nathan Aké Nathan Aké receives",168,N/A,0.1734,0.0,0.2,0.3201,0.0,0.0,1.0
46,7,KICKOFF:  The Netherlands get us back underway.,key_event,"[45:11] Joey Veerman under pressure, plays a medium pass forward along the ground to Nathan Aké into the right attacking third Nathan Aké receives under pressure in the right attacking third under pressure, carries the ball under pressure, plays a short pass back along the ground to Joey Veerman Joey Veerman receives under pressure in the right attacking third",170,N/A,0.1604,0.0,0.2,0.2813,0.0,0.0,1.0
46,8,KICKOFF:  The Netherlands get us back underway.,key_event,"[45:42] Bart Verbruggen under pressure, plays a long pass along the ground to Joey Veerman Joey Veerman receives under pressure, carries the ball under pressure, plays a medium pass forward along the ground to Nathan Aké Nathan Aké receives",173,N/A,0.1572,0.0,0.2,0.2717,0.0,0.0,1.0
46,9,KICKOFF:  The Netherlands get us back underway.,key_event,[45:25] . Xavi Simons loses control under pressure!,189,N/A,0.1148,0.0,0.2,0.1444,0.0,0.0,1.0
46,10,KICKOFF:  The Netherlands get us back underway.,key_event,"[48:07] From the goal kick, Jordan Pickford under pressure, plays a long ball forward through the air Half End . Half End Half Start . Half Start",185,N/A,0.1117,0.0,0.0,0.3351,0.0,0.0,0.0
46,11,KICKOFF:  The Netherlands get us back underway.,key_event,[45:00],186,N/A,0.1086,0.0,0.2,0.1257,0.0,0.0,1.0
46,12,KICKOFF:  The Netherlands get us back underway.,key_event,[45:07],187,N/A,0.1046,0.0,0.2,0.1138,0.0,0.0,1.0
46,13,KICKOFF:  The Netherlands get us back underway.,key_event,[45:26],190,N/A,0.0795,0.0,0.2,0.0384,0.0,0.0,1.0
47,1,Let him know you're there and all that.,general,[45:34],191,N/A,0.0881,0.0,0.2,0.0644,0.0,0.0,1.0
47,2,Let him know you're there and all that.,general,"[46:46] Kieran Trippier closes down Denzel Dumfries . Denzel Dumfries takes on the defender . Kieran Trippier in the duel . Joey Veerman wins the ball back under pressure, carries the ball",180,N/A,0.0786,0.0,0.2,0.0358,0.0,0.0,1.0
47,3,Let him know you're there and all that.,general,"[46:08] Xavi Simons under pressure, carries the ball from the right midfield into the central midfield under pressure, plays a short pass along the ground to Nathan Aké into the right attacking third Nathan Aké receives under pressure in the right attacking third under pressure, carries the ball under pressure, plays a short pass along the ground to Xavi Simons",176,N/A,0.057,0.0,0.2,-0.029,0.0,0.0,1.0
47,4,Let him know you're there and all that.,general,"[45:59] Joey Veerman receives under pressure, carries the ball from the right midfield into the central defensive third under pressure, plays a long pass along the ground to Stefan de Vrij Stefan de Vrij receives under pressure, carries the ball",175,N/A,0.0518,0.0,0.2,-0.0447,0.0,0.0,1.0
47,5,Let him know you're there and all that.,general,"[46:16] Jude Bellingham under pressure, delivers the free kick a medium pass back along the ground to Marc Guehi Marc Guehi receives under pressure, carries the ball under pressure, delivers the free kick a long pass forward along the ground to John Stones John Stones receives",193,N/A,0.0507,0.0,0.2,-0.0479,0.0,0.0,1.0
47,6,Let him know you're there and all that.,general,"[46:39] Jerdy Schouten under pressure, carries the ball under pressure, plays a medium pass along the ground to Stefan de Vrij Stefan de Vrij receives under pressure, carries the ball under pressure, plays a short pass along the ground to Tijjani Reijnders",179,N/A,0.0452,0.0,0.2,-0.0644,0.0,0.0,1.0
47,7,Let him know you're there and all that.,general,"[46:07] Marc Guehi receives under pressure, carries the ball under pressure, delivers the free kick a short pass forward along the ground to Jude Bellingham Jude Bellingham receives under pressure, delivers the free kick a short pass back along the ground to Marc Guehi",192,N/A,0.0451,0.0,0.2,-0.0648,0.0,0.0,1.0
47,8,Let him know you're there and all that.,general,"[46:21] Jerdy Schouten under pressure, plays a medium pass along the ground to Tijjani Reijnders Tijjani Reijnders receives under pressure, carries the ball from the central midfield into the left attacking third under pressure, plays a short pass along the ground to Stefan de Vrij Stefan de Vrij receives",177,N/A,0.0432,0.0,0.2,-0.0705,0.0,0.0,1.0
47,9,Let him know you're there and all that.,general,"[46:29] Tijjani Reijnders receives under pressure in the left attacking third under pressure, carries the ball under pressure, plays a medium pass forward along the ground to Denzel Dumfries Denzel Dumfries receives under pressure in the left attacking third under pressure, carries the ball",178,N/A,0.0299,0.0,0.2,-0.1104,0.0,0.0,1.0
49,1,"England quickly take control of the ball and Saka gets in behind Ake, but there is nobody there to receive his cutback.",general,"[48:30] Bukayo Saka receives under pressure in the left attacking third under pressure, carries the ball under pressure, plays a dangerous long pass back along the ground into the central attacking third, INTERCEPTED! England loses the ball",200,N/A,0.4065,0.0727,0.4125,0.7344,0.5,0.25,1.0
49,2,"England quickly take control of the ball and Saka gets in behind Ake, but there is nobody there to receive his cutback.",general,"[48:32] Jerdy Schouten wins the ball back under pressure, carries the ball - BUT LOSES IT! . Phil Foden closes down Jerdy Schouten . Jerdy Schouten under MASSIVE pressure, plays a long pass forward to Wout Weghorst Wout Weghorst receives",201,N/A,0.2265,0.0296,0.2833,0.3667,0.0,0.3333333333333333,1.0
49,3,"England quickly take control of the ball and Saka gets in behind Ake, but there is nobody there to receive his cutback.",general,"[48:38] ⚠ FOUL by Luke Shaw in the right midfield . Xavi Simons is fouled Stefan de Vrij under pressure, delivers the free kick a medium pass along the ground to Joey Veerman Joey Veerman receives under pressure, delivers the free kick a short pass along the ground to Jerdy Schouten",202,N/A,0.21,0.0,0.25,0.3801,0.0,0.2,1.0
49,4,"England quickly take control of the ball and Saka gets in behind Ake, but there is nobody there to receive his cutback.",general,"[47:54] Marc Guehi under pressure, plays a long pass along the ground to John Stones John Stones receives under pressure, carries the ball from the left defensive third into the left midfield under pressure, plays a medium pass along the ground to Marc Guehi Marc Guehi receives",198,N/A,0.207,0.0127,0.2833,0.3251,0.0,0.3333333333333333,1.0
49,5,"England quickly take control of the ball and Saka gets in behind Ake, but there is nobody there to receive his cutback.",general,"[48:10] John Stones receives under pressure, drives forward with the ball - BUT LOSES IT! . Wout Weghorst closes down John Stones . John Stones under MASSIVE pressure, plays a medium pass forward along the ground to Kyle Walker Kyle Walker receives",199,N/A,0.1987,0.0163,0.2833,0.2966,0.0,0.3333333333333333,1.0
51,1,"The offside flag is up against England, but it's been another bright start from the men in white.",general,"[50:24] Phil Foden receives under pressure in the central attacking third . Virgil van Dijk under pressure, delivers the free kick a short pass along the ground to Tijjani Reijnders Tijjani Reijnders receives under pressure, carries the ball under pressure, delivers the free kick a medium pass back along the ground to Virgil van Dijk",210,N/A,0.1647,0.0,0.2,0.2941,0.0,0.0,1.0
51,2,"The offside flag is up against England, but it's been another bright start from the men in white.",general,"[50:45] Stefan de Vrij under pressure, delivers the free kick a medium pass forward along the ground to Denzel Dumfries Denzel Dumfries receives under pressure, carries the ball under pressure, delivers the free kick a medium pass back along the ground to Stefan de Vrij Stefan de Vrij receives",211,N/A,0.1528,0.0,0.2,0.2585,0.0,0.0,1.0
51,3,"The offside flag is up against England, but it's been another bright start from the men in white.",general,"[50:05] Marc Guehi receives under pressure, carries the ball under pressure, plays a short pass forward along the ground to Harry Kane Harry Kane receives under pressure, carries the ball",208,N/A,0.1349,0.0,0.2,0.2048,0.0,0.0,1.0
51,4,"The offside flag is up against England, but it's been another bright start from the men in white.",general,"[49:29] Declan Rice is dispossessed by Denzel Dumfries! . Denzel Dumfries in the duel . Luke Shaw under pressure, plays a medium pass back through the air to Marc Guehi Marc Guehi receives under pressure, carries the ball",207,N/A,0.1261,0.0,0.2,0.1783,0.0,0.0,1.0
51,5,"The offside flag is up against England, but it's been another bright start from the men in white.",general,"[50:17] Denzel Dumfries under pressure, plays a medium pass forward through the air to Jerdy Schouten . Jude Bellingham closes down Denzel Dumfries . Jerdy Schouten receives under pressure, plays a short pass through the air to Xavi Simons . Declan Rice closes down Jerdy Schouten",209,N/A,0.1203,0.0,0.2,0.161,0.0,0.0,1.0
53,1,"Patience is the name of the game right now for England, as Koeman's side have well and truly tightened up defensively.",general,"[52:22] Phil Foden under pressure, carries the ball from the central attacking third into the right attacking third under pressure, plays a dangerous medium pass forward along the ground to Luke Shaw into the DANGER ZONE Luke Shaw receives under pressure in the right attacking third under pressure, carries the ball under pressure, plays a dangerous short pass along the ground into the central attacking third, INTERCEPTED! England loses the ball",220,N/A,0.2253,0.0337,0.35,0.2923,0.0,0.0,1.0
53,2,"Patience is the name of the game right now for England, as Koeman's side have well and truly tightened up defensively.",general,"[52:08] Bukayo Saka under pressure, carries the ball - BUT LOSES IT! . Nathan Aké closes down Bukayo Saka . Bukayo Saka under MASSIVE pressure, plays a long pass back along the ground to Marc Guehi Marc Guehi receives under pressure, carries the ball",219,N/A,0.1328,0.0,0.2,0.1984,0.0,0.0,1.0
53,3,"Patience is the name of the game right now for England, as Koeman's side have well and truly tightened up defensively.",general,"[51:58] Declan Rice receives under pressure, carries the ball under pressure, plays a medium pass along the ground to Marc Guehi Marc Guehi receives under pressure, carries the ball",218,N/A,0.1301,0.0,0.2,0.1902,0.0,0.0,1.0
53,4,"Patience is the name of the game right now for England, as Koeman's side have well and truly tightened up defensively.",general,"[52:39] Phil Foden receives under pressure, carries the ball under pressure, plays a medium pass back along the ground to Declan Rice Declan Rice receives under pressure, carries the ball",221,N/A,0.1211,0.0,0.2,0.1632,0.0,0.0,1.0
55,1,"Mainoo has been an absolute force defensively and stands up to Simons on the right, before Tijjani Reijnders sends the ball straight out of play when looking for Dumfries.",general,"[53:58] Kobbie Mainoo receives under pressure, carries the ball - BUT LOSES IT! . Xavi Simons closes down Kobbie Mainoo . Kobbie Mainoo loses control under pressure!",227,N/A,0.3781,0.0833,0.425,0.6259,0.75,0.0,1.0
55,2,"Mainoo has been an absolute force defensively and stands up to Simons on the right, before Tijjani Reijnders sends the ball straight out of play when looking for Dumfries.",general,"[54:36] Xavi Simons under pressure, plays a short pass along the ground to Jerdy Schouten Jerdy Schouten receives under pressure, carries the ball under pressure, plays a medium pass along the ground to Denzel Dumfries Denzel Dumfries receives",229,N/A,0.3495,0.0461,0.425,0.5773,0.75,0.0,1.0
55,3,"Mainoo has been an absolute force defensively and stands up to Simons on the right, before Tijjani Reijnders sends the ball straight out of play when looking for Dumfries.",general,"[54:28] Denzel Dumfries under pressure, plays a medium pass forward through the air to Wout Weghorst, but the pass doesn't find its target Wout Weghorst receives . Declan Rice under pressure, plays a medium pass through the air to Bukayo Saka Bukayo Saka receives under pressure, carries the ball",228,N/A,0.2311,0.0211,0.2429,0.4293,0.14285714285714285,0.0,1.0
57,1,"I suspected the chances might dry up a bit when Koeman beefed up his midfield with the introduction of Veerman, and it has panned out exactly that way.",general,"[56:23] Jude Bellingham under pressure, carries the ball under pressure, plays a short pass forward along the ground to Luke Shaw into the right attacking third Luke Shaw receives under pressure in the right attacking third under pressure, carries the ball from the right attacking third into the right midfield under pressure, plays a short pass back along the ground to Marc Guehi",242,N/A,0.2013,0.0092,0.35,0.2447,0.0,0.0,1.0
57,2,"I suspected the chances might dry up a bit when Koeman beefed up his midfield with the introduction of Veerman, and it has panned out exactly that way.",general,"[56:10] Phil Foden under pressure, carries the ball under pressure, plays a short pass forward along the ground to Declan Rice Declan Rice receives under pressure, plays a medium pass along the ground to Marc Guehi Marc Guehi receives",240,N/A,0.104,0.0,0.2,0.1121,0.0,0.0,1.0
57,3,"I suspected the chances might dry up a bit when Koeman beefed up his midfield with the introduction of Veerman, and it has panned out exactly that way.",general,"[56:17] Declan Rice receives under pressure, carries the ball under pressure, plays a short pass along the ground to Kobbie Mainoo Kobbie Mainoo receives under pressure, carries the ball",241,N/A,0.102,0.0,0.2,0.106,0.0,0.0,1.0
57,4,"I suspected the chances might dry up a bit when Koeman beefed up his midfield with the introduction of Veerman, and it has panned out exactly that way.",general,"[56:01] Kobbie Mainoo receives under pressure, carries the ball under pressure, plays a medium pass along the ground to Kyle Walker Kyle Walker receives under pressure, carries the ball",239,N/A,0.0998,0.0,0.2,0.0995,0.0,0.0,1.0
57,5,"I suspected the chances might dry up a bit when Koeman beefed up his midfield with the introduction of Veerman, and it has panned out exactly that way.",general,"[56:33] Kobbie Mainoo under pressure, plays a medium pass along the ground to Declan Rice Declan Rice receives under pressure, carries the ball under pressure, plays a short pass along the ground to Phil Foden Phil Foden receives",243,N/A,0.0995,0.0,0.2,0.0986,0.0,0.0,1.0
57,6,"I suspected the chances might dry up a bit when Koeman beefed up his midfield with the introduction of Veerman, and it has panned out exactly that way.",general,"[55:53] Luke Shaw under pressure, plays a short pass forward along the ground to John Stones John Stones receives under pressure, carries the ball under pressure, plays a medium pass back along the ground to Kyle Walker Kyle Walker receives",238,N/A,0.0978,0.0,0.2,0.0934,0.0,0.0,1.0
59,1,England still dominating possession but finding it far more difficult to penetrate the Orange wall.,general,"[58:08] John Stones under pressure, carries the ball under pressure, plays a long pass along the ground to Marc Guehi Marc Guehi receives under pressure, carries the ball under pressure, plays a medium pass forward along the ground to Jude Bellingham",249,N/A,0.1546,0.0,0.2,0.2638,0.0,0.0,1.0
59,2,England still dominating possession but finding it far more difficult to penetrate the Orange wall.,general,"[58:27] Marc Guehi under pressure, plays a short pass along the ground to Phil Foden Phil Foden receives under pressure, carries the ball from the central midfield into the right attacking third - BUT LOSES IT! . Denzel Dumfries closes down Phil Foden Tijjani Reijnders closes down the ball carrier",250,N/A,0.1513,0.0,0.2,0.2539,0.0,0.0,1.0
59,3,England still dominating possession but finding it far more difficult to penetrate the Orange wall.,general,"[57:49] Kyle Walker receives under pressure, carries the ball under pressure, plays a medium pass forward along the ground to Harry Kane into the central attacking third Harry Kane receives under pressure in the central attacking third under pressure, carries the ball - BUT LOSES IT!",248,N/A,0.1496,0.0,0.2,0.2488,0.0,0.0,1.0
59,4,England still dominating possession but finding it far more difficult to penetrate the Orange wall.,general,"[58:34] Harry Kane under pressure, carries the ball from the right attacking third into the central attacking third - BUT LOSES IT! . Joey Veerman closes down Harry Kane . Harry Kane takes on the defender",251,N/A,0.1443,0.0,0.2,0.233,0.0,0.0,1.0
59,5,England still dominating possession but finding it far more difficult to penetrate the Orange wall.,general,"[58:45] Denzel Dumfries under pressure, carries the ball loses control under pressure!",253,N/A,0.1358,0.0,0.2,0.2073,0.0,0.0,1.0
59,6,England still dominating possession but finding it far more difficult to penetrate the Orange wall.,general,"[58:35] Joey Veerman in the duel Jerdy Schouten under pressure, plays a short pass along the ground to Joey Veerman Joey Veerman receives under pressure, carries the ball under pressure, plays a medium pass back along the ground to Bart Verbruggen",252,N/A,0.0941,0.0,0.2,0.0822,0.0,0.0,1.0
61,1,"Koeman's men break quickly - surprise surprise - and Veerman tries to find Weghorst at the back post, but he overcooks his outswinging cross.",general,"[59:55] Nathan Aké under pressure, plays a medium pass forward to Cody Mathès Gakpo Cody Mathès Gakpo receives under pressure, plays a long pass along the ground to Denzel Dumfries into the left attacking third Denzel Dumfries receives under pressure in the left attacking third under pressure, carries the ball",260,N/A,0.073,0.0,0.0,0.2191,0.0,0.0,0.0
61,2,"Koeman's men break quickly - surprise surprise - and Veerman tries to find Weghorst at the back post, but he overcooks his outswinging cross.",general,"[60:33] Kyle Walker receives under pressure, carries the ball From the goal kick, Kyle Walker under pressure, plays a medium pass back along the ground to John Stones John Stones receives under pressure, carries the ball",262,N/A,0.0651,0.0,0.0,0.1954,0.0,0.0,0.0
61,3,"Koeman's men break quickly - surprise surprise - and Veerman tries to find Weghorst at the back post, but he overcooks his outswinging cross.",general,"[60:25] From the goal kick, John Stones under pressure, plays a medium pass forward along the ground to Kyle Walker Kyle Walker receives under pressure, carries the ball From the goal kick, Kyle Walker under pressure, plays a medium pass back along the ground to John Stones John Stones receives",261,N/A,0.057,0.0,0.0,0.171,0.0,0.0,0.0
63,1,"This now feels too reminiscent of England's first four matches at the tournament, struggling to find gaps in a compact backline, but the Dutch are not giving Pickford anything to think about either.",general,"[62:42] Marc Guehi under pressure, plays a short pass along the ground to Jordan Pickford Jordan Pickford receives under pressure, plays a medium pass forward along the ground to Declan Rice Declan Rice receives under pressure, carries the ball",272,N/A,0.2085,0.025,0.275,0.3256,0.25,0.0,1.0
63,2,"This now feels too reminiscent of England's first four matches at the tournament, struggling to find gaps in a compact backline, but the Dutch are not giving Pickford anything to think about either.",general,"[62:20] Xavi Simons receives under pressure, carries the ball under pressure, delivers the free kick a long pass back to Virgil van Dijk Virgil van Dijk receives under pressure, carries the ball from the right defensive third into the right midfield",269,N/A,0.18,0.0,0.2,0.3401,0.0,0.0,1.0
63,3,"This now feels too reminiscent of England's first four matches at the tournament, struggling to find gaps in a compact backline, but the Dutch are not giving Pickford anything to think about either.",general,"[62:29] Virgil van Dijk under pressure, carries the ball under pressure, delivers the free kick a medium pass along the ground to Jerdy Schouten Jerdy Schouten receives under pressure, delivers the free kick a medium pass back along the ground to Stefan de Vrij Stefan de Vrij receives",270,N/A,0.1637,0.0,0.2,0.2912,0.0,0.0,1.0
63,4,"This now feels too reminiscent of England's first four matches at the tournament, struggling to find gaps in a compact backline, but the Dutch are not giving Pickford anything to think about either.",general,"[62:37] Jerdy Schouten receives under pressure, carries the ball under pressure, delivers the free kick a long pass forward along the ground to Xavi Simons into the left attacking third, but the pass doesn't find its target Xavi Simons receives under pressure in the left attacking third",271,N/A,0.1478,0.0,0.2,0.2435,0.0,0.0,1.0
63,5,"This now feels too reminiscent of England's first four matches at the tournament, struggling to find gaps in a compact backline, but the Dutch are not giving Pickford anything to think about either.",general,"[62:10] Jerdy Schouten under MASSIVE pressure, delivers the free kick a medium pass back along the ground to Bart Verbruggen Bart Verbruggen receives under pressure, carries the ball under pressure, delivers the free kick a long pass forward along the ground to Xavi Simons Xavi Simons receives",268,N/A,0.1395,0.0,0.2,0.2184,0.0,0.0,1.0
63,6,"This now feels too reminiscent of England's first four matches at the tournament, struggling to find gaps in a compact backline, but the Dutch are not giving Pickford anything to think about either.",general,"[61:35] Jerdy Schouten in the duel under pressure, carries the ball - BUT LOSES IT! . ⚠ FOUL by Phil Foden in the right attacking third . Jerdy Schouten is fouled Stefan de Vrij under pressure, delivers the free kick a medium pass along the ground to Bart Verbruggen",267,N/A,0.1357,0.0,0.2,0.2071,0.0,0.0,1.0
65,1,"SAVE!  Veerman swings in a free kick for the Netherlands after Simons draws a foul by the dugouts, and Van Dijk gets his toe to it, forcing Pickford into a good reaction save!",key_event,"[64:20] Virgil van Dijk receives under pressure in the central attacking third under pressure, shoots with the left foot from a DANGEROUS position (10m out!) - SAVED by the goalkeeper! Parried away! . Crucial block by Kyle Walker! The goalkeeper deals with it . Joey Veerman under pressure, delivers the corner a dangerous long ball through the air to Denzel Dumfries into the central attacking third",275,N/A,0.239,0.0361,0.05,0.631,0.16666666666666666,0.0,0.0
65,2,"SAVE!  Veerman swings in a free kick for the Netherlands after Simons draws a foul by the dugouts, and Van Dijk gets his toe to it, forcing Pickford into a good reaction save!",key_event,"[63:09] Denzel Dumfries receives under pressure, carries the ball under pressure, plays a short pass along the ground to Xavi Simons . Marc Guehi closes down Denzel Dumfries . Xavi Simons receives",274,N/A,0.1624,0.0249,0.0857,0.3766,0.2857142857142857,0.0,0.0
66,1,"SHOT!  From the resulting corner, Dumfries wins the header again, but he cannot keep this effort down.",key_event,"[65:26] From the goal kick, Jordan Pickford under pressure, plays a long ball forward through the air to Harry Kane Harry Kane receives . Stefan de Vrij in the duel . From the goal kick, Harry Kane under pressure, plays a medium pass forward through the air into the central attacking third, INTERCEPTED! England loses the ball . From the goal kick, Tijjani Reijnders under pressure, plays a medium pass back to Bart Verbruggen",276,N/A,0.1009,0.0,0.0,0.3026,0.0,0.0,0.0
68,1,"Things are starting to happen for the Netherlands now, as Gakpo delivers a dangerous ball from the left, which Pickford has to punch behind for a corner.",general,"[67:15] Tijjani Reijnders receives under pressure, carries the ball - BUT LOSES IT! . Harry Kane closes down Tijjani Reijnders . Tijjani Reijnders under pressure, plays a medium pass along the ground to Denzel Dumfries into the left attacking third Denzel Dumfries receives under pressure in the left attacking third",283,N/A,0.2632,0.0344,0.35,0.4053,0.0,0.0,1.0
68,2,"Things are starting to happen for the Netherlands now, as Gakpo delivers a dangerous ball from the left, which Pickford has to punch behind for a corner.",general,"[66:51] Cody Mathès Gakpo under pressure, carries the ball under pressure, plays a medium pass back along the ground to Nathan Aké Nathan Aké receives under pressure, carries the ball under pressure, plays a medium pass along the ground to Tijjani Reijnders",281,N/A,0.2556,0.0438,0.3,0.423,0.3333333333333333,0.0,1.0
68,3,"Things are starting to happen for the Netherlands now, as Gakpo delivers a dangerous ball from the left, which Pickford has to punch behind for a corner.",general,"[67:26] Jerdy Schouten receives under pressure, carries the ball under pressure, plays a medium pass forward along the ground to Nathan Aké into the right attacking third Nathan Aké receives under pressure in the right attacking third under pressure, carries the ball",284,N/A,0.2026,0.0229,0.2,0.3848,0.0,0.0,1.0
68,4,"Things are starting to happen for the Netherlands now, as Gakpo delivers a dangerous ball from the left, which Pickford has to punch behind for a corner.",general,"[67:01] Jerdy Schouten under pressure, plays a medium pass along the ground to Stefan de Vrij Stefan de Vrij receives under pressure, carries the ball under pressure, plays a medium pass forward along the ground to Xavi Simons Xavi Simons receives",282,N/A,0.1887,0.0119,0.2,0.3542,0.0,0.0,1.0
69,1,Ake wins the header but Zwayer had spotted something that he didn't like. England free kick.,general,"[68:46] Jordan Pickford under pressure, delivers the free kick a long pass forward along the ground to Marc Guehi Marc Guehi receives under pressure, delivers the free kick a medium pass along the ground to Declan Rice Declan Rice receives under pressure, drives forward with the ball from the central defensive third into the right midfield - BUT LOSES IT!",286,N/A,0.2014,0.0729,0.2,0.3312,0.0,0.0,1.0
69,2,Ake wins the header but Zwayer had spotted something that he didn't like. England free kick.,general,"[67:36] The goalkeeper deals with it . Joey Veerman under pressure, delivers the corner a dangerous long ball through the air into the central attacking third ⚠ FOUL by Wout Weghorst in the central attacking third . Declan Rice is fouled",285,N/A,0.1425,0.0,0.0,0.4276,0.0,0.0,0.0
71,1,"Time to mutter the dreaded two words, extra time?",general,"[70:38] Xavi Simons receives under pressure in the left attacking third under pressure, carries the ball From the goal kick, Xavi Simons under pressure, plays a dangerous short pass along the ground to Tijjani Reijnders into the DANGER ZONE Tijjani Reijnders receives under pressure in the left attacking third under pressure, carries the ball - BUT LOSES IT!",294,N/A,0.0233,0.0,0.0,0.07,0.0,0.0,0.0
71,2,"Time to mutter the dreaded two words, extra time?",general,"[70:44] From the goal kick, Xavi Simons under pressure, plays a short pass back along the ground to Jerdy Schouten Jerdy Schouten receives under pressure in the left attacking third under pressure, carries the ball From the goal kick, Jerdy Schouten under pressure, plays a short pass along the ground to Xavi Simons Xavi Simons receives under pressure in the left attacking third",295,N/A,0.0126,0.0,0.0,0.0377,0.0,0.0,0.0
71,3,"Time to mutter the dreaded two words, extra time?",general,"[70:19] Xavi Simons under pressure, carries the ball From the goal kick, Xavi Simons under pressure, plays a medium pass along the ground to Jerdy Schouten Jerdy Schouten receives under pressure, carries the ball From the goal kick, Jerdy Schouten under pressure, plays a medium pass along the ground to Xavi Simons",292,N/A,0.01,0.0,0.0,0.0299,0.0,0.0,0.0
71,4,"Time to mutter the dreaded two words, extra time?",general,"[70:25] From the goal kick, Stefan de Vrij under pressure, plays a short pass along the ground to Tijjani Reijnders Tijjani Reijnders receives under pressure, carries the ball from the central defensive third into the central midfield From the goal kick, Tijjani Reijnders under pressure, plays a long pass forward along the ground to Xavi Simons Xavi Simons receives",293,N/A,0.0069,0.0,0.0,0.0208,0.0,0.0,0.0
71,5,"Time to mutter the dreaded two words, extra time?",general,"[69:58] Bart Verbruggen wins the ball back From the goal kick, Bart Verbruggen under pressure, plays a medium pass along the ground to Virgil van Dijk Virgil van Dijk receives From the goal kick, Virgil van Dijk under pressure, plays a medium pass forward along the ground to Tijjani Reijnders Tijjani Reijnders receives",290,N/A,0.0037,0.0,0.0,0.0111,0.0,0.0,0.0
71,6,"Time to mutter the dreaded two words, extra time?",general,"[70:12] Joey Veerman receives under pressure, carries the ball From the goal kick, Joey Veerman under pressure, plays a medium pass back along the ground to Virgil van Dijk Virgil van Dijk receives under pressure, carries the ball",291,N/A,-0.0034,0.0,0.0,-0.0102,0.0,0.0,0.0
72,1,"YELLOW CARD!  Bellingham and De Vrij go in for a 50-50, but it is the England man who is penalised. Yellow card from Zwayer.",key_event,"[71:37] Stefan de Vrij under pressure, delivers the free kick a medium pass forward along the ground to Jerdy Schouten into the left attacking third Jerdy Schouten receives under pressure in the left attacking third under pressure, carries the ball - BUT LOSES IT! . Jude Bellingham closes down Jerdy Schouten . Jerdy Schouten under MASSIVE pressure, delivers the free kick a short pass along the ground to Denzel Dumfries",298,N/A,0.2548,0.0151,0.35,0.3992,0.5,0.0,1.0
72,2,"YELLOW CARD!  Bellingham and De Vrij go in for a 50-50, but it is the England man who is penalised. Yellow card from Zwayer.",key_event,"[71:48] Stefan de Vrij under pressure, delivers the free kick a long pass along the ground to Virgil van Dijk Virgil van Dijk receives under pressure, carries the ball under pressure, delivers the free kick a short pass along the ground to Nathan Aké Nathan Aké receives",299,N/A,0.1565,0.0092,0.2,0.2602,0.0,0.0,1.0
72,3,"YELLOW CARD!  Bellingham and De Vrij go in for a 50-50, but it is the England man who is penalised. Yellow card from Zwayer.",key_event,"[71:00] Virgil van Dijk under pressure, carries the ball From the goal kick, Virgil van Dijk under pressure, plays a medium pass forward along the ground to Xavi Simons Xavi Simons receives under pressure, carries the ball from the central midfield into the central attacking third From the goal kick, Xavi Simons under pressure, plays a medium pass back along the ground to Stefan de Vrij",297,N/A,0.1137,0.0081,0.0,0.333,0.0,0.0,0.0
72,4,"YELLOW CARD!  Bellingham and De Vrij go in for a 50-50, but it is the England man who is penalised. Yellow card from Zwayer.",key_event,"[70:51] Xavi Simons receives under pressure, carries the ball From the goal kick, Xavi Simons under pressure, plays a short pass along the ground to Joey Veerman Joey Veerman receives under pressure, carries the ball",296,N/A,0.0964,0.0,0.0,0.2892,0.0,0.0,0.0
72,5,"YELLOW CARD!  Bellingham and De Vrij go in for a 50-50, but it is the England man who is penalised. Yellow card from Zwayer.",key_event,[71:56] Cody Mathès Gakpo receives under pressure in the right attacking third . Crucial block by Kyle Walker!,300,N/A,0.0767,0.0,0.0,0.2302,0.0,0.0,0.0
74,1,"Saka down on the right after taking Ake's hand in his face, but no interest from the referee.",general,"[73:04] Kyle Walker receives under pressure, carries the ball under pressure, delivers the free kick a long pass forward along the ground to Bukayo Saka into the left attacking third Bukayo Saka receives under pressure in the left attacking third under pressure, carries the ball - BUT LOSES IT!",306,N/A,0.2917,0.0314,0.3,0.5436,0.3333333333333333,0.0,1.0
74,2,"Saka down on the right after taking Ake's hand in his face, but no interest from the referee.",general,"[72:49] Phil Foden under pressure, delivers the free kick a medium pass along the ground to John Stones John Stones receives under pressure, carries the ball under pressure, delivers the free kick a medium pass along the ground to Marc Guehi Marc Guehi receives",305,N/A,0.1898,0.0,0.2,0.3695,0.0,0.0,1.0
74,3,"Saka down on the right after taking Ake's hand in his face, but no interest from the referee.",general,"[73:36] From the goal kick, Virgil van Dijk under pressure, plays a short pass along the ground to Bart Verbruggen Bart Verbruggen receives From the goal kick, Bart Verbruggen under pressure, plays a long ball forward through the air to Wout Weghorst Wout Weghorst receives From the goal kick, Wout Weghorst under pressure, plays a short pass to Xavi Simons",307,N/A,0.1161,0.0,0.0,0.3483,0.0,0.0,0.0
76,1,"Surely both managers will be starting to think about changes pretty soon. Just the one alteration from Southgate, two from Koeman - one enforced.",general,"[75:11] Jerdy Schouten under pressure, plays a medium pass forward along the ground to Denzel Dumfries Denzel Dumfries receives under pressure in the left attacking third under pressure, carries the ball under pressure, plays a dangerous medium pass back along the ground to Jerdy Schouten into the DANGER ZONE Jerdy Schouten receives",313,N/A,0.1197,0.0,0.2,0.1592,0.0,0.0,1.0
76,2,"Surely both managers will be starting to think about changes pretty soon. Just the one alteration from Southgate, two from Koeman - one enforced.",general,"[75:26] Virgil van Dijk receives under pressure, carries the ball under pressure, plays a short pass along the ground to Jerdy Schouten Jerdy Schouten receives under pressure, carries the ball",315,N/A,0.1111,0.0,0.2,0.1333,0.0,0.0,1.0
76,3,"Surely both managers will be starting to think about changes pretty soon. Just the one alteration from Southgate, two from Koeman - one enforced.",general,"[74:51] Jerdy Schouten under pressure, plays a medium pass back along the ground to Stefan de Vrij Stefan de Vrij receives under pressure, carries the ball - BUT LOSES IT! . Harry Kane closes down Stefan de Vrij . Stefan de Vrij under MASSIVE pressure, plays a medium pass forward along the ground to Tijjani Reijnders into the left attacking third",311,N/A,0.111,0.0,0.2,0.133,0.0,0.0,1.0
76,4,"Surely both managers will be starting to think about changes pretty soon. Just the one alteration from Southgate, two from Koeman - one enforced.",general,"[75:36] Denzel Dumfries under pressure, carries the ball under pressure, plays a medium pass back along the ground to Joey Veerman Joey Veerman receives under pressure, carries the ball under pressure, plays a short pass along the ground to Jerdy Schouten into the left attacking third",316,N/A,0.1055,0.0,0.2,0.1164,0.0,0.0,1.0
76,5,"Surely both managers will be starting to think about changes pretty soon. Just the one alteration from Southgate, two from Koeman - one enforced.",general,"[75:00] Denzel Dumfries under pressure, plays a dangerous short pass along the ground to Tijjani Reijnders into the DANGER ZONE Tijjani Reijnders receives under pressure in the left attacking third under pressure, carries the ball - BUT LOSES IT! . Jude Bellingham closes down Tijjani Reijnders . Tijjani Reijnders under MASSIVE pressure, plays a short pass along the ground to Joey Veerman",312,N/A,0.1049,0.0,0.2,0.1147,0.0,0.0,1.0
76,6,"Surely both managers will be starting to think about changes pretty soon. Just the one alteration from Southgate, two from Koeman - one enforced.",general,"[75:20] Tijjani Reijnders receives under pressure, plays a short pass along the ground to Jerdy Schouten Jerdy Schouten receives under pressure, carries the ball under pressure, plays a short pass forward along the ground to Xavi Simons",314,N/A,0.1018,0.0,0.2,0.1053,0.0,0.0,1.0
76,7,"Surely both managers will be starting to think about changes pretty soon. Just the one alteration from Southgate, two from Koeman - one enforced.",general,"[75:47] Xavi Simons under pressure, plays a medium pass back along the ground to Joey Veerman Joey Veerman receives under pressure, carries the ball under pressure, plays a medium pass along the ground to Virgil van Dijk Virgil van Dijk receives",317,N/A,0.089,0.0,0.2,0.0671,0.0,0.0,1.0
78,1,"SAVE!  Simons connects with a volley, but his connection is anything but clean - one bounce into the ground and Pickford gathers.",key_event,"[77:22] Jordan Pickford under pressure, plays a long ball forward through the air to Jude Bellingham Jude Bellingham receives . Jerdy Schouten in the duel . Jude Bellingham under pressure, plays a medium pass forward through the air, but the pass doesn't find its target Harry Kane in the duel",324,N/A,0.1861,0.0136,0.06,0.4846,0.2,0.0,0.0
78,2,"SAVE!  Simons connects with a volley, but his connection is anything but clean - one bounce into the ground and Pickford gathers.",key_event,"[77:27] Luke Shaw under pressure, carries the ball - BUT LOSES IT! . Jerdy Schouten loses control under pressure! . Luke Shaw under pressure, plays a short pass along the ground to Marc Guehi, but the pass doesn't find its target Marc Guehi receives . Crucial block by Xavi Simons!",325,N/A,0.1791,0.0274,0.1,0.4099,0.3333333333333333,0.0,0.0
79,1,"Cole Palmer and Ollie Watkins about to emerge for England. DISALLOWED GOAL!  SAKA HAS THE BALL IN THE BACK OF THE NET, BUT THE OFFSIDE FLAG IS UP!",general,"[78:18] Luke Shaw under pressure, plays a dangerous medium pass through the air into the central attacking third, INTERCEPTED! England loses the ball . Virgil van Dijk clears the danger . Declan Rice wins the ball back under pressure, carries the ball under pressure, plays a medium pass along the ground to Kyle Walker",328,N/A,0.179,0.0506,0.0,0.4863,0.0,0.0,0.0
79,2,"Cole Palmer and Ollie Watkins about to emerge for England. DISALLOWED GOAL!  SAKA HAS THE BALL IN THE BACK OF THE NET, BUT THE OFFSIDE FLAG IS UP!",general,"[78:10] Wout Weghorst receives under pressure, carries the ball - BUT LOSES IT! . Declan Rice closes down Wout Weghorst . Wout Weghorst takes on the defender . Declan Rice in the duel",327,N/A,0.107,0.018,0.0,0.3029,0.0,0.0,0.0
79,3,"Cole Palmer and Ollie Watkins about to emerge for England. DISALLOWED GOAL!  SAKA HAS THE BALL IN THE BACK OF THE NET, BUT THE OFFSIDE FLAG IS UP!",general,"[77:54] Marc Guehi receives under pressure, carries the ball under pressure, plays a medium pass along the ground to Jordan Pickford Jordan Pickford receives under pressure, plays a long pass forward along the ground to Declan Rice",326,N/A,0.0984,0.0139,0.0,0.2814,0.0,0.0,0.0
79,4,"Cole Palmer and Ollie Watkins about to emerge for England. DISALLOWED GOAL!  SAKA HAS THE BALL IN THE BACK OF THE NET, BUT THE OFFSIDE FLAG IS UP!",general,"[78:33] Declan Rice under pressure, plays a long pass along the ground to Marc Guehi Marc Guehi receives under pressure, carries the ball under pressure, plays a medium pass along the ground to John Stones John Stones receives",329,N/A,0.0979,0.0131,0.0,0.2807,0.0,0.0,0.0
80,1,"DISALLOWED GOAL!  Foden slips in Walker down the right, and the Manchester City man cuts back for Saka to guide home a brilliant first-time finish, but the right-back had just gone a bit too early.",key_event,"[78:44] Phil Foden receives under pressure in the left attacking third under pressure, carries the ball - BUT LOSES IT! . Cody Mathès Gakpo closes down Phil Foden . Phil Foden under MASSIVE pressure, plays a dangerous medium pass forward along the ground to Kyle Walker into the DANGER ZONE Kyle Walker receives under pressure in the left attacking third",330,N/A,0.2187,0.0406,0.15,0.4654,0.5,0.0,0.0
81,1,ENGLAND SUBS,key_event,"[80:36] Stefan de Vrij under pressure, delivers the free kick a long ball forward through the air to Wout Weghorst Wout Weghorst receives under pressure, delivers the free kick a medium pass forward through the air to Xavi Simons, but the pass doesn't find its target Xavi Simons receives",333,N/A,0.1325,0.0,0.2,0.1974,0.0,0.0,1.0
81,2,ENGLAND SUBS,key_event,"[80:27] Virgil van Dijk under pressure, carries the ball under pressure, delivers the free kick a medium pass along the ground to Bart Verbruggen Bart Verbruggen receives under pressure, carries the ball - BUT LOSES IT! . Ollie Watkins closes down Bart Verbruggen",332,N/A,0.1315,0.0,0.2,0.1945,0.0,0.0,1.0
81,3,ENGLAND SUBS,key_event,"[80:20] Virgil van Dijk under pressure, delivers the free kick a medium pass along the ground to Bart Verbruggen Bart Verbruggen receives under pressure, delivers the free kick a medium pass along the ground to Virgil van Dijk Virgil van Dijk receives under pressure, carries the ball",331,N/A,0.1264,0.0,0.2,0.1793,0.0,0.0,1.0
81,4,ENGLAND SUBS,key_event,"[80:40] Luke Shaw under pressure, plays a short pass back to Marc Guehi Marc Guehi receives under pressure, carries the ball under pressure, plays a medium pass back along the ground to Jordan Pickford Jordan Pickford receives",334,N/A,0.1168,0.0,0.2,0.1503,0.0,0.0,1.0
84,1,"Some beautiful play from Reijnders down the left, but Guehi stands up tall and takes the full force of Weghorst's 6ft 6in frame to snuff out the attack.",general,"[83:08] Tijjani Reijnders under pressure, carries the ball - BUT LOSES IT! . ⚠ FOUL by Kyle Walker in the left defensive third . Cody Mathès Gakpo is fouled under pressure, drives forward with the ball under pressure, plays a dangerous short pass to Wout Weghorst into the central attacking third, INTERCEPTED! Netherlands loses the ball",350,N/A,0.2882,0.0329,0.41,0.4218,0.2,0.0,1.0
84,2,"Some beautiful play from Reijnders down the left, but Guehi stands up tall and takes the full force of Weghorst's 6ft 6in frame to snuff out the attack.",general,"[83:49] Marc Guehi receives under pressure, carries the ball under pressure, plays a medium pass forward along the ground to Luke Shaw Luke Shaw receives under pressure, carries the ball",353,N/A,0.2344,0.0124,0.26,0.4308,0.2,0.0,1.0
84,3,"Some beautiful play from Reijnders down the left, but Guehi stands up tall and takes the full force of Weghorst's 6ft 6in frame to snuff out the attack.",general,"[83:03] Tijjani Reijnders under pressure, plays a short pass forward along the ground to Cody Mathès Gakpo Cody Mathès Gakpo receives under pressure, carries the ball - BUT LOSES IT! . Kyle Walker closes down Cody Mathès Gakpo Bukayo Saka closes down the ball carrier",349,N/A,0.2158,0.0089,0.2,0.4386,0.0,0.0,1.0
84,4,"Some beautiful play from Reijnders down the left, but Guehi stands up tall and takes the full force of Weghorst's 6ft 6in frame to snuff out the attack.",general,"[83:13] Jordan Pickford wins the ball back under pressure, plays a long pass forward along the ground to Kobbie Mainoo Kobbie Mainoo receives under pressure, plays a medium pass along the ground to Luke Shaw Luke Shaw receives",351,N/A,0.1864,0.0,0.2,0.3591,0.0,0.0,1.0
84,5,"Some beautiful play from Reijnders down the left, but Guehi stands up tall and takes the full force of Weghorst's 6ft 6in frame to snuff out the attack.",general,"[83:39] Kobbie Mainoo under pressure, plays a short pass along the ground to Declan Rice Declan Rice receives under pressure, carries the ball under pressure, plays a short pass along the ground to John Stones John Stones receives",352,N/A,0.1695,0.0,0.2,0.3085,0.0,0.0,1.0
84,6,"Some beautiful play from Reijnders down the left, but Guehi stands up tall and takes the full force of Weghorst's 6ft 6in frame to snuff out the attack.",general,"[82:54] Bart Verbruggen receives under pressure, carries the ball - BUT LOSES IT! . Declan Rice closes down Bart Verbruggen . Bart Verbruggen under MASSIVE pressure, plays a medium pass forward along the ground to Virgil van Dijk Virgil van Dijk receives",348,N/A,0.1548,0.0,0.2,0.2645,0.0,0.0,1.0
87,1,"YELLOW CARD!  Stones gets a head to Veerman's free kick, but Zwayer gives a goal kick.",key_event,"[84:57] Cody Mathès Gakpo under pressure, carries the ball - BUT LOSES IT! . Bukayo Saka closes down Cody Mathès Gakpo ⚠ FOUL by Bukayo Saka in the left defensive third - YELLOW CARD for Bukayo Saka! . Cody Mathès Gakpo is fouled Joey Veerman under pressure, delivers the free kick a long ball forward through the air to Virgil van Dijk into the central attacking third, but the pass doesn't find its target",359,N/A,0.1966,0.0771,0.0,0.5126,0.0,0.0,0.0
88,1,"SHOT!  Saka sprays a sublime cross-field pass to Shaw, whose ball across is missed by Watkins, but Palmer picks it up and curls a strike over the top.",key_event,"[87:29] Kyle Walker receives under pressure, carries the ball From the goal kick, Kyle Walker under pressure, plays a long pass forward along the ground to Bukayo Saka into the left attacking third Bukayo Saka receives under pressure in the left attacking third under pressure, drives forward with the ball - BUT LOSES IT!",363,N/A,0.2368,0.0531,0.0912,0.5662,0.2,0.125,0.0
88,2,"SHOT!  Saka sprays a sublime cross-field pass to Shaw, whose ball across is missed by Watkins, but Palmer picks it up and curls a strike over the top.",key_event,"[87:46] Cole Palmer receives under pressure in the left attacking third under pressure, carries the ball - NOW IN THE DANGER ZONE! After carrying forward, Cole Palmer under pressure, shoots with the left foot from a DANGEROUS position - just wide! . The goalkeeper deals with it",364,N/A,0.216,0.0382,0.075,0.5348,0.25,0.0,0.0
88,3,"SHOT!  Saka sprays a sublime cross-field pass to Shaw, whose ball across is missed by Watkins, but Palmer picks it up and curls a strike over the top.",key_event,"[87:23] Ollie Watkins receives under pressure in the right attacking third From the goal kick, Ollie Watkins under pressure, plays a short pass back along the ground to Declan Rice Declan Rice receives under pressure, carries the ball From the goal kick, Declan Rice under pressure, plays a short pass along the ground to Jude Bellingham into the central attacking third",362,N/A,0.2143,0.0467,0.0812,0.5151,0.16666666666666666,0.125,0.0
88,4,"SHOT!  Saka sprays a sublime cross-field pass to Shaw, whose ball across is missed by Watkins, but Palmer picks it up and curls a strike over the top.",key_event,"[87:09] From the goal kick, John Stones under pressure, plays a long pass along the ground to Marc Guehi Marc Guehi receives under pressure, carries the ball from the central defensive third into the central midfield From the goal kick, Marc Guehi under pressure, plays a medium pass along the ground to Declan Rice Declan Rice receives",361,N/A,0.1721,0.0273,0.0312,0.4579,0.0,0.125,0.0
88,5,"SHOT!  Saka sprays a sublime cross-field pass to Shaw, whose ball across is missed by Watkins, but Palmer picks it up and curls a strike over the top.",key_event,"[86:50] From the goal kick, Jordan Pickford under pressure, plays a long ball forward through the air, INTERCEPTED! England loses the ball . From the goal kick, Virgil van Dijk under pressure, plays a long ball forward through the air to Wout Weghorst into the central attacking third, INTERCEPTED! Netherlands loses the ball . Jude Bellingham in the duel . Wout Weghorst receives . From the goal kick, John Stones under pressure, plays a medium pass back through the air to Jordan Pickford",360,N/A,0.1462,0.0382,0.0278,0.3726,0.0,0.1111111111111111,0.0
90,1,GOAL!  NETHERLANDS 1-2 ENGLAND (WATKINS),key_event,"[89:17] Kyle Walker under pressure, delivers the free kick a medium pass forward along the ground to Cole Palmer . Tijjani Reijnders closes down Kyle Walker . Cole Palmer receives under pressure, drives forward with the ball - BUT LOSES IT! . Joey Veerman closes down Cole Palmer",368,N/A,0.1122,0.0,0.0,0.3367,0.0,0.0,0.0
90,2,GOAL!  NETHERLANDS 1-2 ENGLAND (WATKINS),key_event,"[89:38] John Stones receives surges forward on a BRILLIANT run from the central defensive third into the central midfield under pressure, delivers the free kick a short pass along the ground to Declan Rice Declan Rice receives under pressure, carries the ball",370,N/A,0.1012,0.0,0.0,0.3037,0.0,0.0,0.0
90,3,GOAL!  NETHERLANDS 1-2 ENGLAND (WATKINS),key_event,"[89:04] Kyle Walker under pressure, carries the ball under pressure, delivers the free kick a short pass forward along the ground to Cole Palmer Cole Palmer receives under pressure, carries the ball under pressure, delivers the free kick a medium pass along the ground to Declan Rice",367,N/A,0.093,0.0,0.0,0.2791,0.0,0.0,0.0
90,4,GOAL!  NETHERLANDS 1-2 ENGLAND (WATKINS),key_event,"[89:29] Jordan Pickford receives under pressure, carries the ball under pressure, delivers the free kick a medium pass forward along the ground to Marc Guehi Marc Guehi receives under pressure, carries the ball - BUT LOSES IT!",369,N/A,0.0908,0.0,0.0,0.2723,0.0,0.0,0.0
90,5,GOAL!  NETHERLANDS 1-2 ENGLAND (WATKINS),key_event,"[88:38] Marc Guehi wins the ball back under pressure, carries the ball - BUT LOSES IT! . Cody Mathès Gakpo closes down Marc Guehi ⚠ FOUL by Cody Mathès Gakpo in the left attacking third . Marc Guehi is fouled",366,N/A,0.0876,0.0,0.0,0.2629,0.0,0.0,0.0
