data_source,minute,sequence_rank,real_commentary,real_type,our_sequence_commentary,sequence_id,average_score,average_score_no_sentiment,TF-IDF,Embeddings_BERT,content_overlap_ratio,real_sentiment,our_sentiment,sentiment_diff,real_word_count,our_word_count,real_content_words,our_content_words,matching_content_words,real_unique_players,our_unique_players,matching_players,entity_players_match,real_unique_teams,our_unique_teams,matching_teams,entity_teams_match,real_unique_events,our_unique_events,matching_events,entity_events_match,real_player_mentions,our_player_mentions,real_player_repetitions,our_player_repetitions,real_team_mentions,our_team_mentions,real_team_repetitions,our_team_repetitions,real_event_mentions,our_event_mentions,real_event_repetitions,our_event_repetitions,ner_score,average_score_with_ner
SPORTS_MOLE,1,1,"KICKOFF:  And we're off! Germany get us started. Strap in folks, this will be special.",Kick Off,[Kick Off] The Quarter-finals begin! Spain versus Germany in a highly anticipated clash.,900,0.4004045291700659,0.2957046646487313,0.1174395665771323,0.65202737,0.1176470588235294,0.9546860456466676,0.6691901683807373,0.2854958772659302,15,13,8,11,2,2,2,0,0.0,1,2,1,1.0,0,0,0,0.0,2,2,0,0,1,2,0,0,0,0,0,0,0.2727272727272727,0.37486907817240084
SPORTS_MOLE,2,1,"SHOT!  Spain on the front foot immediately! Williams and Morata link up nicely, but Pedri's strike on the edge of the box is straight at Manuel Neuer. Now Cucurella is down...",Shot,[Injury] Early concern for Spain as Marc Cucurella is down with an injury.,901,0.1828364586907355,0.2662480481568612,0.1144650291668808,0.55384433,0.1304347826086956,0.5440087914466858,-0.5233895182609558,1.0673983097076416,31,13,19,8,3,5,3,1,0.2,1,1,1,1.0,2,0,0,0.0,5,3,0,0,1,1,0,0,2,0,0,0,0.12,0.17026916641358697
SPORTS_MOLE,3,1,"The Chelsea man looks to have come off worse in a collision with Can, but he is OK to continue.",General,[Foul] Foul by Jonas Hofmann (Germany) on Aymeric Laporte (Spain). Free kick awarded on the right wing.,902,0.2031149034402886,0.0766036720344913,0.024687308451382,0.20512371,0.0,-0.0521325692534446,-0.4694839715957641,0.4173514023423195,20,17,8,13,0,2,4,0,0.0,0,2,0,0.0,0,2,0,0.0,2,4,0,0,0,2,0,0,0,3,0,1,0.0,0.1624919232218125
SPORTS_MOLE,4,1,First bit of defending for Robin Le Normand but he deals with Sane well. Now Kroos scythes down Pedri as the Barcelona man tries to break.,General,[Injury] Early concern for Spain as Pedro González López is down with an injury.,903,0.1778026885085807,0.1522267051926595,0.1103156969124104,0.30469775,0.0416666666666666,0.2453758418560028,-0.5000935196876526,0.7454693615436554,26,14,17,9,1,6,3,0,0.0,0,1,0,0.0,0,0,0,0.0,6,3,0,0,0,1,0,0,0,0,0,0,0.0,0.14224215040708432
SPORTS_MOLE,5,1,"Referee Anthony Taylor laying down the law early, demanding that all non-wearing armband players step away from him. Kroos remonstrated heavily there... not sure why. Fortunate not to be booked.",General,[Injury] Early concern for Germany as Manuel Neuer is down with an injury.,904,0.334621632753031,0.1159268447534461,0.0478049115666409,0.23330896,0.0666666666666666,-0.4924291670322418,-0.5017231702804565,0.0092940032482147,30,13,26,8,2,3,3,0,0.0,0,1,0,0.0,0,0,0,0.0,3,3,0,0,0,1,0,0,0,0,0,0,0.0,0.26769730699701855
SPORTS_MOLE,6,1,Now Gundogan brings down his former teammate Rodri. A bit feisty early on this one!,General,"[Injury] Pedro González López (Spain) is down, receiving medical attention early in the match.",905,0.27243686174436,0.1412749251403224,0.07780894359285,0.24601583,0.1,-0.1528735160827636,-0.4869508445262909,0.3340773284435272,15,14,11,11,2,2,2,0,0.0,0,1,0,0.0,0,0,0,0.0,2,2,0,0,0,1,0,0,0,0,0,0,0.0,0.21794948902986455
SPORTS_MOLE,6,2,Now Gundogan brings down his former teammate Rodri. A bit feisty early on this one!,General,"[Injury] Manuel Neuer (Germany) is down, receiving treatment early in the match.",906,0.2592441172156827,0.1444521388416947,0.0845798608014701,0.23766544,0.1111111111111111,-0.1528735160827636,-0.5492534637451172,0.3963799476623535,15,12,11,9,2,2,2,0,0.0,0,1,0,0.0,0,0,0,0.0,2,2,0,0,0,1,0,0,0,0,0,0,0.0,0.20739529285004554
SPORTS_MOLE,8,1,"Pedri has already had awful luck with injuries in his career, and he does not look comfortable here. Dani Olmo getting ready as a distraught Pedri gingerly walks off. Have to feel for him.",Substitution,[Substitution] Substitution for Spain. Daniel Olmo replaces the injured Pedro González.,907,0.1422257002202659,0.1606067658391911,0.0500903626839055,0.3946929,0.037037037037037,-0.9010197520256042,0.0118977446109056,0.91291749663651,34,11,21,9,1,3,3,1,0.3333333333333333,0,1,0,0.0,0,1,0,0.0,3,3,0,0,0,1,0,0,0,2,0,1,0.0,0.1137805606168865
SPORTS_MOLE,9,1,SPAIN SUB Confirmation of that change - Pedri is off and Olmo comes into the number 10 role.,Substitution,"[General] Germany controlling play early, with 100% possession in their defensive third.",908,0.238976115360856,0.0911969443162282,0.0,0.27359083,0.0,0.0581051781773567,0.3757915496826172,0.3176863715052604,18,12,11,9,0,3,1,0,0.0,1,1,0,0.0,0,0,0,0.0,3,1,0,0,1,1,0,0,0,0,0,0,0.0,0.19118089169894792
SPORTS_MOLE,11,1,"Havertz holds the ball up well in the final third and finds Raum on the overlap, but his cross is straight into Unai Simon's arms.",General,[Foul] Foul by Álvaro Morata (Spain) on Jonathan Tah (Germany). Free kick awarded in Germany's defensive half.,910,0.1992343202882554,0.1104851395757391,0.0413131507847889,0.29014227,0.0,0.145623967051506,-0.3888941705226898,0.5345181375741959,25,17,15,14,0,3,4,0,0.0,0,2,0,0.0,1,2,0,0.0,3,4,0,0,0,3,0,1,1,3,0,1,0.0,0.1593874566421186
SPORTS_MOLE,13,1,"This was the tackle that forced a disconsolate Pedri off. Looking back, how Kroos did not get a booking is astounding. There's no room for sentimentality in a Euros quarter-final Anthony Taylor!",General,[Injury] Injury concern for Spain as Nico Williams is down on the pitch.,913,0.2838408046188587,0.1161488285624497,0.0773478123436907,0.27109867,0.0,-0.7653937339782715,-0.5523104667663574,0.213083267211914,32,13,21,8,0,6,2,0,0.0,0,1,0,0.0,1,0,0,0.0,6,2,0,0,0,1,0,0,1,0,0,0,0.0,0.22707264302635535
SPORTS_MOLE,13,2,"This was the tackle that forced a disconsolate Pedri off. Looking back, how Kroos did not get a booking is astounding. There's no room for sentimentality in a Euros quarter-final Anthony Taylor!",General,[Yellow Card] Antonio Rüdiger (Germany) receives a yellow card for a foul on Daniel Olmo (Spain).,912,0.1972648055991459,0.1206695985980733,0.0222744203173828,0.33973438,0.0,-0.7653937339782715,-0.192444160580635,0.5729495733976364,32,16,21,12,0,6,3,0,0.0,0,2,0,0.0,1,2,0,0.0,6,3,0,0,0,2,0,0,1,3,0,1,0.0,0.15781184538394927
SPORTS_MOLE,15,1,"Olmo and Yamal over the free kick... It is Lamal, and it is deflected behind.",Free Kick,[Shot Missed] Attempt missed. Lamine Yamal's left footed shot from the edge of the box goes wide.,914,0.2829264094472848,0.1956473228058448,0.0749243872195838,0.45646203,0.0555555555555555,-0.0577235668897628,-0.512959897518158,0.4552363306283951,15,17,8,13,1,4,3,1,0.25,0,0,0,0.0,1,2,0,0.0,4,3,0,0,0,0,0,0,1,3,0,1,0.1111111111111111,0.24856335065157106
SPORTS_MOLE,16,1,"End-to-end stuff now! This is what we came for. A promising Germany move breaks down before Spain steam down the other end of the pitch, but an ambitious Morata strike hits a white shirt.",Shot,[Shot Blocked] Attempt blocked. Álvaro Morata's right-footed shot from the right side of the box denied by Emre Can.,915,0.0998853942644202,0.1230088341092537,0.0947601391761495,0.2420083,0.032258064516129,0.7072336673736572,-0.2622512578964233,0.9694849252700806,34,19,24,14,1,1,4,1,1.0,2,0,0,0.0,1,3,0,0.0,1,4,0,0,2,0,0,0,1,5,0,2,0.2857142857142857,0.13705117282729673
SPORTS_MOLE,19,1,"Germany enjoy a bit of possession in the Spain half, but Laporte is well-positioned to cut out a Sane cross and also prevent a corner.",General,[Foul] Foul by Niclas Füllkrug (Germany) on Aymeric Laporte (Spain) in the defensive half.,918,0.236135066962644,0.301716508357266,0.1879287304848898,0.5267446,0.1904761904761904,0.4632295668125152,-0.4973796904087066,0.960609257221222,25,14,16,10,4,2,3,1,0.5,2,2,2,1.0,2,1,0,0.0,2,3,0,0,2,2,0,0,2,2,0,1,0.4444444444444444,0.27779694163686053
SPORTS_MOLE,21,1,"SHOT!  Germany work the ball out to Kimmich on the right, and his cross is on the money for Kai Havertz, who sends his header straight at Simon. A chance.",Shot,[Shot Saved] Great save! Unai Simón denies Kai Havertz's header from the centre of the box.,920,0.4361007437713457,0.3150902291943647,0.2366132702857307,0.5486574,0.16,0.656802773475647,0.8576704859733582,0.2008677124977111,30,16,17,12,4,3,3,2,0.6666666666666666,1,0,0,0.0,4,3,2,0.5,3,3,0,0,1,0,0,0,4,4,0,1,0.47619047619047616,0.44411868679569916
SPORTS_MOLE,23,1,"The hosts just showing a bit more attacking impetus now after Spain shaded a scrappy start. Just as I type that, Yamal makes a nice sliding interception and Spain have the ball back.",General,[Shot Saved] Attempt saved. Aymeric Laporte's left footed shot from the right side of the box denied by Manuel Neuer.,922,0.2014742943802644,0.109559769850197,0.0718897742665486,0.25678954,0.0,0.5181729197502136,-0.0046092122793197,0.5227821320295334,33,20,23,15,0,2,4,0,0.0,1,0,0,0.0,1,3,0,0.0,2,4,0,0,2,0,1,0,1,5,0,2,0.0,0.16117943644740304
SPORTS_MOLE,25,1,Kimmich getting some joy down the right now and draws a foul from Morata. Germany free kick in a promising area...,Free Kick,[Shot Blocked] Attempt blocked. Jonathan Tah's header from the center of the box denied by Daniel Carvajal.,924,0.0380149652344709,0.0903412527220415,0.0831270296504995,0.18789673,0.0,0.7779502868652344,-0.3410136103630066,1.118963897228241,21,17,15,12,0,2,4,0,0.0,1,0,0,0.0,2,4,0,0.0,2,4,0,0,1,0,0,0,2,5,0,1,0.0,0.03041197248445171
SPORTS_MOLE,26,1,"Kroos whips it in, and Tah rises highest, but he cannot leap high enough to get a decent connection and the ball rolls through to Simon.",Free Kick,[Foul] Foul by Pau Torres (Spain) on Toni Kroos (Germany). Free kick awarded on the right wing.,925,0.2246746340694169,0.0934165062907192,0.0427625382926403,0.20044994,0.037037037037037,-0.0094435662031173,-0.3909945487976074,0.38155098259449,26,17,16,13,1,3,4,1,0.3333333333333333,0,2,0,0.0,0,2,0,0.0,3,4,0,0,0,2,0,0,0,3,0,1,0.16666666666666666,0.2130730398803708
SPORTS_MOLE,27,1,Germany corner as Laporte gets a vital flick to prevent a diagonal ball from reaching Rudiger... A few bodies hit the floor and Simon eventually claims.,Corner,"[Corner] Corner for Germany, delivered by Toni Kroos, conceded by Aymeric Laporte. Germany applying pressure.",926,0.4750446644627412,0.3264405174822753,0.1341038524422483,0.7252177,0.12,0.0789200216531753,-0.000222872942686,0.0791428945958614,26,15,18,12,3,3,3,1,0.3333333333333333,1,1,1,1.0,1,1,1,1.0,3,3,0,0,1,2,0,1,1,2,0,1,0.4117647058823529,0.46238867274574796
SPORTS_MOLE,28,1,YELLOW CARD!  David Raum now into the book for tripping Carvajal. Spain's turn to whip it into the mixer.,Yellow Card,[Yellow Card] David Raum (Germany) shown a yellow card for a foul on Daniel Carvajal (Spain).,927,0.5910331661709122,0.4620538451880842,0.3028465592927915,0.7303738,0.3529411764705882,-0.1045887991786003,-0.1266176700592041,0.0220288708806037,19,16,14,12,6,2,3,2,1.0,1,2,1,1.0,1,2,1,1.0,2,3,0,0,1,2,0,0,1,3,0,1,0.8461538461538461,0.6420573022073245
SPORTS_MOLE,30,1,"YELLOW CARD!  Speaking of any means necessary, Le Normand is now booked for fouling Gundogan, and he is another one to miss any potential semi-final.",Yellow Card,[Foul] Foul by Pau Torres (Spain) on Emre Can (Germany). Free kick in a promising position.,929,0.2136026844382286,0.1547247370084127,0.0,0.4641742,0.0,-0.7488221526145935,-0.1390586793422699,0.6097634732723236,25,16,18,11,0,3,4,0,0.0,0,2,0,0.0,2,2,1,0.5,3,4,0,0,0,2,0,0,2,3,0,1,0.125,0.19588214534553527
SPORTS_MOLE,32,1,"To stop Yamal, you have to kick Yamal. At least that's what Emre Can thinks. He avoids further punishment, though.",General,[Foul] Foul by Antonio Rudiger (Germany) on Lamine Yamal (Spain). Free kick awarded on the left wing.,931,0.288818891865568,0.1146811392870964,0.0731638008117088,0.17564152,0.0952380952380952,-0.2733525931835174,-0.4621204435825348,0.1887678503990173,20,17,12,13,2,5,4,1,0.2,0,2,0,0.0,0,2,0,0.0,5,4,0,0,0,2,0,0,0,3,0,1,0.2,0.27105511313015734
SPORTS_MOLE,34,1,"Spain almost catch Germany unawares, but Tah does just enough to prevent Olmo from going one-on-one with Neuer.",General,"[General] Germany in complete control, dominating midfield with 81.8% possession for the last 2 minutes. Kai Havertz active with 9 events.",933,0.2474224820966146,0.1610185196313092,0.0769644863345712,0.36609107,0.04,0.0989769846200943,0.5923426151275635,0.4933656305074692,18,21,14,13,1,3,2,0,0.0,2,1,1,0.5,0,0,0,0.0,3,2,0,0,2,1,0,0,0,0,0,0,0.16666666666666666,0.23127131849875374
SPORTS_MOLE,34,2,"CHANCE!  A slick slide-rule pass from Havertz finds Kimmich, whose low cross is poor and straight into Simon's body, but he was well offside anyway.",Chance,"[General] Germany in complete control, dominating midfield with 81.8% possession for the last 2 minutes. Kai Havertz active with 9 events.",933,0.2456909915318601,0.1388376173722099,0.0225828332071139,0.36167195,0.032258064516129,0.1585937291383743,0.5923426151275635,0.4337488859891891,25,21,19,13,1,3,2,1,0.3333333333333333,0,1,0,0.0,4,0,0,0.0,3,2,0,0,0,1,0,0,4,0,0,0,0.1111111111111111,0.21877501456903298
SPORTS_MOLE,35,1,"SHOT!  Havertz at the heart of it again! The Arsenal man chests down a fantastic Rudiger ball over the top and fires a volley at goal, but Simon gets down to his right and saves.",Shot,[Shot Saved] Attempt saved. Kai Havertz's right footed shot from the center of the box denied by Unai Simón.,934,0.2894708296137366,0.3119467876655941,0.2026674653619471,0.6297246,0.1034482758620689,0.7636149525642395,-0.0143420919775962,0.7779570445418358,35,19,21,14,3,4,4,2,0.5,0,0,0,0.0,4,3,2,0.5,4,4,0,0,0,0,0,0,4,5,0,2,0.36363636363636365,0.30430393206370876
SPORTS_MOLE,36,1,SAVE!  Williams just runs offside before turning Rudiger and forcing Neuer into a reaction save at his near post.,Save,[Foul] Foul by Marco Asensio (Spain) on Antonio Rüdiger (Germany) in the defensive half.,935,0.2018680293112993,0.1301516791184743,0.0,0.39045504,0.0,0.1143598183989524,-0.4686231017112732,0.5829829201102257,19,14,15,10,0,3,3,1,0.3333333333333333,0,2,0,0.0,2,1,0,0.0,3,3,0,0,0,2,0,0,3,2,1,1,0.125,0.18649442397795485
SPORTS_MOLE,38,1,De la Fuente engaged in conversation with one of his lieutenants down on the sidelines. This one is still on a knife-edge.,General,[Foul] Foul by Rodri (Spain) on Toni Kroos (Germany) in midfield.,937,0.272662084243822,0.1293427989775974,0.090332164137077,0.29769623,0.0,-0.2683885991573334,-0.5657686591148376,0.2973800599575043,22,11,11,8,0,2,3,0,0.0,0,2,0,0.0,0,1,0,0.0,2,3,0,0,0,2,0,0,0,2,0,1,0.0,0.21812966683591456
SPORTS_MOLE,40,1,"SHOT!  Kimmich puts in a perfectly-timed tackle to stop Williams, but Spain win the ball back right away and Olmo has a crack from distance, which Neuer can only parry out. Rudiger then does enough to put Morata off.",Shot,[Foul] Foul by Rodrigo Hernández Cascante (Spain) on Jamal Musiala (Germany). Free kick awarded on the right wing.,939,0.2100021714867979,0.1844601862830361,0.054021901770243,0.4480766,0.0512820512820512,0.2465050518512725,-0.4668668210506439,0.7133718729019165,39,18,28,14,2,6,4,0,0.0,1,2,1,1.0,2,2,0,0.0,6,4,0,0,1,2,0,0,2,3,0,1,0.0967741935483871,0.18735657473975295
SPORTS_MOLE,42,1,Is it fair to say Neuer's handling is a little off today? That's a couple of times now he's not caught the ball cleanly at the first attempt. Kroos gives away another foul for shoving Olmo over. Still no booking.,General,[Foul] Foul by Joshua Kimmich (Germany) on Rodrigo Hernández (Spain). Free kick awarded in midfield.,941,0.2943427813906031,0.1726829446499291,0.0405439679590426,0.4497271,0.0277777777777777,-0.7069305777549744,-0.3662528693675995,0.3406777083873749,40,15,26,12,1,5,4,0,0.0,0,2,0,0.0,2,2,1,0.5,5,4,0,0,0,2,0,0,2,3,0,1,0.09090909090909091,0.2536560456517073
SPORTS_MOLE,44,1,"Williams is still seeing plenty of the ball and whips a cross in from the left, but it is far too high for a frustrated Olmo, and Yamal cannot keep it in.",General,"[General] Spain dominating possession with 68%, controlling the midfield as Laporte leads with 9 events.",943,0.1919266831435592,0.0637565588365437,0.0416967378289824,0.14957294,0.0,-0.1440354585647583,0.279527485370636,0.4235629439353943,32,15,16,9,0,3,2,0,0.0,0,1,0,0.0,1,0,0,0.0,3,2,0,0,0,1,0,0,1,0,0,0,0.0,0.1535413467787176
SPORTS_MOLE,45,1,"SHOT!  Yamal turns Tah with ease and also has a pop from range, but it is too central to trouble Neuer. Two minutes added on.",Shot,[Shot Saved] Attempt saved. Lamine Yamal's left footed shot from the edge of the box denied by Neuer.,944,0.3963080766010128,0.2473736070537359,0.1189961011993778,0.49268994,0.1304347826086956,0.1678017824888229,0.0109132677316665,0.1568885147571563,25,18,15,13,3,4,4,2,0.5,0,0,0,0.0,1,3,1,1.0,4,4,0,0,0,0,0,0,1,5,0,2,0.4444444444444444,0.4059353506990723
SPORTS_MOLE,45,2,HALF TIME:  SPAIN 0-0 GERMANY,Half Time,[Shot Saved] Attempt saved. Lamine Yamal's left footed shot from the edge of the box denied by Neuer.,944,0.2901881886646151,0.0587647755940755,0.0,0.17629433,0.0,0.0264548398554325,0.0109132677316665,0.0155415721237659,5,18,4,13,0,0,4,0,0.0,2,0,0,0.0,0,3,0,0.0,0,4,0,0,2,0,0,0,0,5,0,2,0.0,0.2321505515752468
SPORTS_MOLE,46,1,KICKOFF:  Spain get us started again.,Kick Off,"[Kick Off] The second half is underway. Major changes as Spain subs Le Normand for Fernández Iglesias. Germany makes a double change, bringing on Sané and Can.",950,0.3946934583615327,0.2298955618118,0.0427178005338333,0.60151434,0.0454545454545454,0.1901246607303619,0.0792118087410926,0.1109128519892692,6,27,5,18,1,0,6,0,0.0,1,2,1,1.0,0,0,0,0.0,0,6,0,0,1,2,0,0,0,0,0,0,1.0,0.5157547667998219
SPORTS_MOLE,46,2,KICKOFF:  Spain get us started again.,Kick Off,[Kick Off] The second half is underway in this quarter-final clash! Double substitution for Germany: Leroy Sané and Emre Can enter the fray.,948,0.3344217650592327,0.1430698533852895,0.0,0.42920956,0.0,0.1901246607303619,0.0986021608114242,0.0915224999189376,6,23,5,16,0,0,4,0,0.0,1,1,0,0.0,0,1,0,0.0,0,4,0,0,1,1,0,0,0,1,0,0,0.0,0.2675374120162125
SPORTS_MOLE,46,3,Wirtz wants a slice of the aggression and fouls Laporte after just 18 seconds.,General,[Substitution] Double change for Germany. Florian Wirtz replaces Leroy Sané and Emre Can.,949,0.3155912936666035,0.1615896464637151,0.084286281508243,0.3449271,0.0555555555555555,-0.1670231819152832,0.0553805828094482,0.2224037647247314,14,13,9,10,1,2,5,1,0.5,0,1,0,0.0,1,1,0,0.0,2,5,0,0,0,1,0,0,1,1,0,0,0.2,0.29247303446781336
SPORTS_MOLE,46,4,Wirtz wants a slice of the aggression and fouls Laporte after just 18 seconds.,General,[Kick Off] The second half is underway in this quarter-final clash! Double substitution for Germany: Leroy Sané and Emre Can enter the fray.,948,0.2865917158048628,0.1373307353153863,0.090332164137077,0.32166004,0.0,-0.1670231819152832,0.0986021608114242,0.2656253427267074,14,23,9,16,0,2,4,0,0.0,0,1,0,0.0,1,1,0,0.0,2,4,0,0,0,1,0,0,1,1,0,0,0.0,0.2292733722820739
SPORTS_MOLE,46,5,Wirtz wants a slice of the aggression and fouls Laporte after just 18 seconds.,General,"[Kick Off] The second half is underway. Major changes as Spain subs Le Normand for Fernández Iglesias. Germany makes a double change, bringing on Sané and Can.",950,0.2859351484636037,0.1299918615035969,0.0584110388793821,0.33156455,0.0,-0.1670231819152832,0.0792118087410926,0.2462349906563758,14,27,9,18,0,2,6,0,0.0,0,2,0,0.0,1,0,0,0.0,2,6,0,0,0,2,0,0,1,0,0,0,0.0,0.2287481196446013
SPORTS_MOLE,46,6,KICKOFF:  Spain get us started again.,Kick Off,[Substitution] Double change for Germany. Florian Wirtz replaces Leroy Sané and Emre Can.,949,0.2604642026126385,0.0588669627904892,0.0,0.17660089,0.0,0.1901246607303619,0.0553805828094482,0.1347440779209137,6,13,5,10,0,0,5,0,0.0,1,1,0,0.0,0,1,0,0.0,0,5,0,0,1,1,0,0,0,1,0,0,0.0,0.20837136241581727
SPORTS_MOLE,46,7,Wirtz wants a slice of the aggression and fouls Laporte after just 18 seconds.,General,[Substitution] Double change for Germany. Leroy Sané and Robert Andrich replace Emre Can.,951,0.2604391646372171,0.081734854328883,0.0404792974837194,0.20472527,0.0,-0.1670231819152832,0.0364247225224971,0.2034479044377803,14,13,9,10,0,2,5,0,0.0,0,1,0,0.0,1,1,0,0.0,2,5,0,0,0,1,0,0,1,1,0,0,0.0,0.20835133260918784
SPORTS_MOLE,46,8,KICKOFF:  Spain get us started again.,Kick Off,[Substitution] Double change for Germany. Leroy Sané and Robert Andrich replace Emre Can.,951,0.2568127056583762,0.0603169202804565,0.0,0.18095076,0.0,0.1901246607303619,0.0364247225224971,0.1536999382078647,6,13,5,10,0,0,5,0,0.0,1,1,0,0.0,0,1,0,0.0,0,5,0,0,1,1,0,0,0,1,0,0,0.0,0.20545016435842706
SPORTS_MOLE,47,1,"SHOT!  Morata goes agonisingly close! Williams picks out Yamal with a lovely cross to the back post, and the Barcelona man finds Morata with his back to goal. He's under pressure from Tah but manages to turn and shoot, albeit over the bar.",Shot,[Shot Missed] Attempt missed. Álvaro Morata's right footed shot from the centre of the box goes wide.,952,0.1798728219050554,0.2975404807433006,0.1970485540799671,0.6073376,0.088235294117647,0.677157998085022,-0.4959721565246582,1.1731301546096802,43,17,28,13,3,6,3,1,0.1666666666666666,0,0,0,0.0,3,2,1,0.3333333333333333,6,3,0,0,0,0,0,0,3,3,0,1,0.2,0.1838982587175868
SPORTS_MOLE,50,1,A tangle of legs between Musiala and Carvajal and the decision goes Germany's way.,General,[Foul] Foul by Daniel Carvajal (Spain) on Jamal Musiala (Germany). Free kick awarded in midfield.,955,0.3188671819538782,0.2300310626190119,0.1048540053567575,0.4087686,0.1764705882352941,0.0487172380089759,-0.365907222032547,0.414624460041523,14,15,9,12,3,2,4,2,1.0,1,2,1,1.0,0,2,0,0.0,2,4,0,0,1,2,0,0,0,3,0,1,0.6363636363636364,0.382366473982833
SPORTS_MOLE,52,1,GOAL!  SPAIN 1-0 GERMANY (OLMO),Goal,"[Goal] Goal! Spain 1, Germany 0. Daniel Olmo Carvajal scores with a right footed shot from the centre of the box.",957,0.5947714150247141,0.5383564631537815,0.4130680959610801,0.86866796,0.3333333333333333,0.5791562795639038,0.343172550201416,0.2359837293624878,5,21,4,13,4,0,2,0,0.0,2,2,2,1.0,1,2,1,1.0,0,2,0,0,2,2,0,0,1,3,0,1,1.0,0.6758171319863852
SPORTS_MOLE,52,2,"GOAL!  Spain strike first, and it's that man Olmo again! Morata drops deep to send Yamal away down the right, and the 16-year-old finds the run of Olmo, who sweeps a first-time finish into the far corner past Neuer. Lift-off at last!",Goal,"[Goal] Goal! Spain 1, Germany 0. Daniel Olmo Carvajal scores with a right footed shot from the centre of the box.",957,0.408582754577261,0.3442118666503984,0.2648222093049697,0.6652493,0.1025641025641025,0.7414771318435669,0.343172550201416,0.3983045816421509,42,21,33,13,4,5,2,0,0.0,1,2,1,1.0,4,2,1,0.25,5,2,0,0,1,2,0,0,4,3,0,1,0.25925925925925924,0.3787180578972361
SPORTS_MOLE,54,1,"CHANCE!  Germany nearly hit back right away as Olmo's deflected cross drops into the corridor of uncertainty, but Nacho is well-positioned to momentarily clear the danger.",Chance,"[General] Germany dominating midfield with 86.3% possession, controlling play for 2 minutes.",959,0.2939872283474503,0.146001118916392,0.0292527112087973,0.3717136,0.037037037037037,0.1112070381641388,0.3732614815235138,0.262054443359375,26,12,20,8,1,2,1,0,0.0,1,1,1,1.0,2,0,0,0.0,2,1,0,0,1,1,0,0,2,0,0,0,0.23076923076923078,0.281343627131138
SPORTS_MOLE,55,1,"Hard to keep up now! Germany come again, but Rodri puts a foot in before the ball can drop for Gundogan to get a volley away.",General,"[Shots] End-to-end action! Jamal Musiala's shot blocked, followed by a wayward effort from Nicholas Williams Arthuer.",960,0.2641162670886632,0.0911301453558757,0.0480174659634098,0.22537297,0.0,-0.0463127046823501,-0.2632380723953247,0.2169253677129745,26,16,16,14,0,3,3,0,0.0,1,0,0,0.0,1,3,0,0.0,3,3,0,0,1,0,0,0,1,4,0,1,0.0,0.21129301365008707
SPORTS_MOLE,57,1,GERMANY SUBS Gundogan and Raum come off for Mittelstadt and Niclas Fullkrug. Germany going for it.,Substitution,[Substitution] Double change for Germany. Niclas Füllkrug and David Raum replace İlkay Gündoğan.,963,0.4714249001417279,0.3578429087464969,0.3212943467890103,0.5855677,0.1666666666666666,0.2164647281169891,0.0286356024444103,0.1878291256725788,16,13,11,11,3,4,4,2,0.5,1,1,1,1.0,0,1,0,0.0,4,4,0,0,2,1,1,0,0,1,0,0,0.5789473684210527,0.49292939124083013
SPORTS_MOLE,57,2,GERMANY SUBS Gundogan and Raum come off for Mittelstadt and Niclas Fullkrug. Germany going for it.,Substitution,"[Substitution] Double change for Germany. Maximilian Mittelstädt replaces David Raum, İlkay Gündoğan off for Florian Wirtz.",962,0.46096882737948,0.3394321097900272,0.2570938662881768,0.6183453,0.1428571428571428,0.2164647281169891,0.0420437082648277,0.1744210198521614,16,16,11,14,3,4,5,2,0.5,1,1,1,1.0,0,1,0,0.0,4,5,0,0,2,1,1,0,0,1,0,0,0.47368421052631576,0.4635118999638948
SPORTS_MOLE,57,3,YELLOW CARD!  And that's another one out of the semi-finals. Andrich booked.,Yellow Card,[Substitution] Double change for Germany. Niclas Füllkrug and David Raum replace İlkay Gündoğan.,963,0.2796546553062292,0.1144104980908357,0.0404792974837194,0.3027522,0.0,-0.1959772706031799,0.0286356024444103,0.2246128730475902,12,13,9,11,0,2,4,0,0.0,0,1,0,0.0,1,1,0,0.0,2,4,0,0,0,1,0,0,1,1,0,0,0.0,0.22372372488722583
SPORTS_MOLE,57,4,YELLOW CARD!  And that's another one out of the semi-finals. Andrich booked.,Yellow Card,"[Substitution] Double change for Germany. Maximilian Mittelstädt replaces David Raum, İlkay Gündoğan off for Florian Wirtz.",962,0.2653791103512048,0.099845806757609,0.0,0.29953742,0.0,-0.1959772706031799,0.0420437082648277,0.2380209788680076,12,16,9,14,0,2,5,0,0.0,0,1,0,0.0,1,1,0,0.0,2,5,0,0,0,1,0,0,1,1,0,0,0.0,0.2123032882263985
SPORTS_MOLE,57,5,"It has been like a basketball match since that Olmo opener. Great for the neutrals, not so much for the live bloggers... No complaining, though. Gripping stuff.",General,"[Substitution] Double change for Germany. Maximilian Mittelstädt replaces David Raum, İlkay Gündoğan off for Florian Wirtz.",962,0.2621137051691534,0.0654467566357616,0.0955539266903887,0.10078634,0.0,0.1899291574954986,0.0420437082648277,0.1478854492306709,27,16,16,14,0,4,5,0,0.0,0,1,0,0.0,0,1,0,0.0,4,5,0,0,0,1,0,0,0,1,0,0,0.125,0.23469096349194354
SPORTS_MOLE,57,6,"It has been like a basketball match since that Olmo opener. Great for the neutrals, not so much for the live bloggers... No complaining, though. Gripping stuff.",General,[Substitution] Double change for Germany. Niclas Füllkrug and David Raum replace İlkay Gündoğan.,963,0.2441382335506609,0.045948829751244,0.0540821298987591,0.08376436,0.0,0.1899291574954986,0.0286356024444103,0.1612935550510883,27,13,16,11,0,4,4,0,0.0,0,1,0,0.0,0,1,0,0.0,4,4,0,0,0,1,0,0,0,1,0,0,0.0,0.19531058696953413
SPORTS_MOLE,60,1,"In fact, Yamal is now the first male teenager on record to set up three goals at a single World Cup or the Euros. How he would love a goal, though.",General,[Shot Blocked] Attempt blocked. Florian Wirtz's right foot shot from the edge of the box denied by Marc Cucurella.,966,0.0452595293166046,0.09408816889151,0.0783311186797638,0.20393339,0.0,0.8359155654907227,-0.2653108239173889,1.1012263894081116,31,19,18,14,0,5,4,0,0.0,0,0,0,0.0,1,3,0,0.0,5,4,0,0,0,0,0,0,2,5,1,2,0.0,0.03620762385433045
SPORTS_MOLE,61,1,"Germany have a corner after a Wirtz shot hits Cucurella's back and goes behind, but it comes to nothing; the Bayer Leverkusen man's cross misses everyone.",Corner,"[Corner] Corner for Germany, delivered by Toni Kroos. Conceded by Unai Simón Mendibil. Germany pressing for an equalizer.",967,0.359890724943671,0.2320928790193046,0.0898947327950885,0.53230983,0.074074074074074,-0.1501169800758361,0.1065987572073936,0.2567157372832298,26,18,18,13,2,3,4,0,0.0,1,1,1,1.0,3,1,1,0.3333333333333333,3,4,0,0,1,2,0,1,3,2,0,1,0.23809523809523808,0.33553162753623417
SPORTS_MOLE,63,1,"SPAIN SUB Nations League hat-trick hero Torres is on for Yamal, who is far from happy about coming off.",Substitution,[Substitution] Substitution for Spain. Ferrán Torres replaces Lamine Yamal for tactical reasons.,969,0.4066625151842903,0.3002107712209318,0.1597095561053355,0.5980656,0.1428571428571428,-0.2556207776069641,0.0183614753186702,0.2739822529256344,19,12,15,10,3,3,3,2,0.6666666666666666,1,1,1,1.0,0,1,0,0.0,3,3,0,0,1,1,0,0,0,2,0,1,0.4666666666666667,0.41866334254070214
SPORTS_MOLE,64,1,"SHOT!  The latest Kroos corner finds a leaping Fullkrug, but his backwards header sails harmlessly behind. Germany upping the ante though.",Shot,[Shot Missed] Attempt missed. Niclas Füllkrug heads over from the centre of the box.,970,0.3038745742442338,0.2198445196154552,0.1453323846666528,0.4725345,0.0416666666666666,0.0566672980785369,-0.3873679637908935,0.4440352618694305,21,14,16,10,1,2,3,1,0.5,1,0,0,0.0,3,2,1,0.3333333333333333,2,3,0,0,1,0,0,0,3,2,0,0,0.23529411764705882,0.29015848142218953
SPORTS_MOLE,65,1,Another Germany attack breaks down as Musiala is crowded out and clips Morata on his way down.,General,[Foul] Foul by Jamal Musiala (Germany) on Álvaro Morata (Spain) in the defensive half.,971,0.3922240241047264,0.2432134487465383,0.1310465344611536,0.42212322,0.1764705882352941,-0.3335092961788177,-0.494253545999527,0.1607442498207092,17,14,12,10,3,3,3,2,0.6666666666666666,1,2,1,1.0,0,1,0,0.0,3,3,0,0,1,2,0,0,0,2,0,1,0.6,0.4337792185751477
SPORTS_MOLE,67,1,"Carvajal, take a bow. Havertz and Fullkrug are two-on-two and the former sets away his Borussia Dortmund colleague, but Carvajal gets back to nip in and see the ball back to Simon.",General,[Yellow Card] Toni Kroos (Germany) shown a yellow card for a foul on Daniel Olmo (Spain).,973,0.2644483958544688,0.1197408771994851,0.0173725892553157,0.34185004,0.0,0.1413607150316238,-0.1600683331489563,0.3014290481805801,32,16,21,12,0,5,3,0,0.0,0,2,0,0.0,0,2,0,0.0,5,3,0,0,0,2,0,0,0,3,0,1,0.0,0.21155871621494712
SPORTS_MOLE,68,1,"YELLOW CARD!  It's happened! Kroos is finally in the book for bringing down Torres. As things stand, that will be the final yellow card of his career.",Yellow Card,[Foul] Foul by Marc Cucurella Saseta (Spain) on Florian Wirtz (Germany) at the edge of the box.,974,0.262643430522997,0.1905918520581971,0.1064157193578035,0.46535984,0.0,0.0818693190813064,-0.439332515001297,0.5212018340826035,27,17,15,11,0,4,3,0,0.0,0,2,0,0.0,1,1,0,0.0,4,3,0,0,0,2,0,0,2,2,1,1,0.1111111111111111,0.23233696727726225
SPORTS_MOLE,70,1,"SHOT!  Germany are patient in their build-up and work the ball through to Andrich, whose low first-time strike is beaten out to his left by Simon, before Germany appeals for a handball fall on deaf ears.",Shot,[Shot Saved] Attempt saved. Robert Andrich's right footed shot from the edge of the box denied by Unai Simón.,976,0.3346193899968704,0.215946627359846,0.1085545221189243,0.4786793,0.0606060606060606,0.3088150322437286,-0.0005472898483276,0.3093623220920563,36,19,24,14,2,2,4,2,1.0,1,0,0,0.0,2,3,1,0.5,2,4,0,0,2,0,1,0,2,5,0,2,0.46153846153846156,0.360003204434278
SPORTS_MOLE,73,1,"YELLOW CARD!  The suspensions are racking up! Mittelstadt fouls Torres, goes into the book and cannot believe his misfortune. That's all three Germans who could have been banned for the semis banned for the semis.",Yellow Card,[Yellow Card] Maximilian Mittelstädt (Germany) receives a yellow card for a foul on Ferrán Torres García (Spain).,979,0.3245080858587723,0.3250386516411438,0.1342558795026278,0.72974896,0.1111111111111111,-0.881549060344696,-0.2044654488563537,0.6770836114883423,35,17,21,13,3,3,3,1,0.3333333333333333,0,2,0,0.0,2,2,2,1.0,3,3,0,0,0,2,0,0,2,3,0,1,0.5,0.3596064678250793
SPORTS_MOLE,73,2,It was Carvajal who got his body in the way there. He's been solid tonight.,General,[Yellow Card] Maximilian Mittelstädt (Germany) receives a yellow card for a foul on Ferrán Torres García (Spain).,979,0.0826819725334644,0.0634532819191614,0.0,0.19035985,0.0,0.655166506767273,-0.2044654488563537,0.8596319556236267,15,17,8,13,0,3,3,0,0.0,0,2,0,0.0,0,2,0,0.0,3,3,0,0,0,2,0,0,0,3,0,1,0.16666666666666666,0.09947891220860798
SPORTS_MOLE,74,1,"YELLOW CARD!  Torres's delivery to the back post is an awkward one, but Spain survive. The Barcelona man is then booked for stopping Musiala bursting away.",Yellow Card,[Yellow Card] Ferrán Torres (Spain) shown a yellow card for a foul on Jamal Musiala (Germany).,980,0.4697528432878822,0.4024730607632756,0.2241427036675563,0.7658852,0.217391304347826,0.1642147749662399,-0.1641930341720581,0.328407809138298,26,16,18,12,5,3,3,2,0.6666666666666666,1,2,1,1.0,1,2,1,1.0,3,3,0,0,1,2,0,0,1,3,0,1,0.5294117647058824,0.48168463271659334
SPORTS_MOLE,77,1,"OFF THE POST!  INCHES AWAY FOR THE GERMANS! Wirtz's delivery finds Fullkrug, who is on the way down but still hooks his right foot around the ball, which strikes Simon's near post.",Hit Post,[Shot Missed] Niclas Füllkrug hits the post with a right-footed effort from the center of the box.,983,0.391202562501758,0.3067405534462527,0.3035056311562009,0.5521999,0.064516129032258,0.2045574188232422,-0.1508539915084839,0.3554114103317261,32,17,23,11,2,3,2,1,0.3333333333333333,0,0,0,0.0,1,2,0,0.0,3,2,0,0,0,0,0,0,1,2,0,0,0.16666666666666666,0.3462953833046799
SPORTS_MOLE,78,1,"Fullkrug was engaged in a titanic tussle with Nacho, and the ex-Real Madrid man just about came out on top. Simon was completely beaten, though.",General,"[General] Germany dominating possession with 95.2%, Spain struggling to regain control.",984,0.2702684463786244,0.046274969458866,0.0303362592467306,0.10848865,0.0,-0.0481365174055099,0.0096146054565906,0.0577511228621006,25,11,17,8,0,4,1,0,0.0,0,2,0,0.0,0,0,0,0.0,4,1,0,0,0,2,0,0,0,0,0,0,0.0,0.21621475727692602
SPORTS_MOLE,80,1,"SPAIN SUBS Fresh legs time. Morata and Williams off, Real Sociedad teammates Mikel Merino and Mikel Oyarzabal on.",Substitution,[Substitution] Double change for Spain. Álvaro Morata and Nico Williams off; Mikel Oyarzabal and Ferran Torres on.,986,0.5901885498945173,0.457376310064959,0.4245851728924568,0.6618295,0.2857142857142857,0.0314380228519439,0.020063292235136,0.0113747306168079,18,17,15,13,6,6,6,3,0.5,1,1,1,1.0,0,1,0,0.0,6,6,0,0,1,1,0,0,0,1,0,0,0.48148148148148145,0.5684471418942831
SPORTS_MOLE,80,2,"SPAIN SUBS Fresh legs time. Morata and Williams off, Real Sociedad teammates Mikel Merino and Mikel Oyarzabal on.",Substitution,[Substitution] Double substitution for Spain. Mikel Merino replaces Nico Williams; Álvaro Morata comes on as well.,987,0.5103148778616043,0.3511940796790722,0.2180998659131394,0.59738714,0.238095238095238,0.0314380228519439,0.0437607504427433,0.0123227275907993,18,16,15,13,5,6,5,3,0.5,1,1,1,1.0,0,1,0,0.0,6,5,0,0,1,1,0,0,0,2,0,1,0.48148148148148145,0.5045481995798118
SPORTS_MOLE,80,3,"SPAIN SUBS Fresh legs time. Morata and Williams off, Real Sociedad teammates Mikel Merino and Mikel Oyarzabal on.",Substitution,[Substitution] Double change for Spain: Álvaro Morata and Nico Williams on.,988,0.504757188946942,0.3403442610514687,0.2447752619266197,0.6183628,0.1578947368421052,0.0314380228519439,0.0294339954853057,0.0020040273666381,18,11,15,8,3,6,4,2,0.3333333333333333,1,1,1,1.0,0,1,0,0.0,6,4,0,0,1,1,0,0,0,1,0,0,0.3333333333333333,0.470472420947084
SPORTS_MOLE,80,4,"GERMANY SUB Oh here we go! Jonathan Tah is off for Germany, and Thomas Muller is brought on to a terrific reception.",Substitution,[Substitution] Double change for Spain. Álvaro Morata and Nico Williams off; Mikel Oyarzabal and Ferran Torres on.,986,0.1322733772354281,0.1580940663062144,0.13379902972579,0.2970049,0.0434782608695652,0.9652519822120668,0.020063292235136,0.9451886899769306,22,17,12,13,1,3,6,0,0.0,1,1,0,0.0,0,1,0,0.0,3,6,0,0,2,1,1,0,0,1,0,0,0.0,0.10581870012368491
SPORTS_MOLE,80,5,"GERMANY SUB Oh here we go! Jonathan Tah is off for Germany, and Thomas Muller is brought on to a terrific reception.",Substitution,[Substitution] Double change for Spain: Álvaro Morata and Nico Williams on.,988,0.1073158795836338,0.1216938350204321,0.1015043418418445,0.26357716,0.0,0.9652519822120668,0.0294339954853057,0.9358179867267608,22,11,12,8,0,3,4,0,0.0,1,1,0,0.0,0,1,0,0.0,3,4,0,0,2,1,1,0,0,1,0,0,0.0,0.08585270302301674
SPORTS_MOLE,80,6,"GERMANY SUB Oh here we go! Jonathan Tah is off for Germany, and Thomas Muller is brought on to a terrific reception.",Substitution,[Substitution] Double substitution for Spain. Mikel Merino replaces Nico Williams; Álvaro Morata comes on as well.,987,0.1027024853034185,0.1107670576609991,0.0500941906088062,0.28220698,0.0,0.9652519822120668,0.0437607504427433,0.9214912317693232,22,16,12,13,0,3,5,0,0.0,1,1,0,0.0,0,1,0,0.0,3,5,0,0,2,1,1,0,0,2,0,1,0.0,0.0821619877678966
SPORTS_MOLE,81,1,"Fabian Ruiz's exquisite piece of skill sets him away, but the newly-introduced Oyarzabal is crowded out before he can pull the trigger.",General,[Shot Missed] Attempt missed. Jamal Musiala's left footed shot from the right side of the box goes wide.,989,0.222038668604381,0.124104555728286,0.1149220057792946,0.25739166,0.0,-0.0218307971954345,-0.5059897899627686,0.484158992767334,22,18,16,14,0,2,3,0,0.0,0,0,0,0.0,0,2,0,0.0,2,3,0,0,0,0,0,0,0,3,0,1,0.0,0.17763093460239213
SPORTS_MOLE,82,1,YELLOW CARD!  The gamesmanship begins; Spain goalkeeper Simon is cautioned for time-wasting.,Yellow Card,[Yellow Card] Unai Simón (Spain) receives a yellow card for time-wasting.,990,0.4887922721516013,0.5301640404477279,0.4243422437582863,0.7815345,0.3846153846153846,0.1205198615789413,-0.5148031711578369,0.6353230327367783,12,11,10,10,5,1,2,1,1.0,1,1,1,1.0,2,1,1,0.5,1,2,0,0,1,1,0,0,2,2,0,1,0.6363636363636364,0.5183065464001058
SPORTS_MOLE,83,1,"CLOSE!  OH KAI HAVERTZ! Simon's goal kick - after all that malarkey - is extremely poor, and Havertz nips in. The Arsenal man goes for the lob with Simon off his line, but his effort loops just over the top. Spanish sighs of relief all around.",Close Call,[Foul] Foul by Thomas Müller (Germany) on Rodrigo Hernández Cascante (Spain) in midfield.,991,0.2136879335295575,0.14870778659336,0.0175276976630757,0.42859566,0.0,0.0378651320934295,-0.5535064935684204,0.59137162566185,46,13,30,10,0,4,3,0,0.0,0,2,0,0.0,3,1,0,0.0,4,3,0,0,0,2,0,0,3,2,0,1,0.0,0.17095034640024515
SPORTS_MOLE,84,1,SHOT!  The space opens up for Fabian Ruiz to hit one from 20 yards but his effort is wild.,Shot,[Shot Missed] Attempt missed. Fabián Ruiz Peña's left footed shot from the edge of the box goes wide.,992,0.1789471852610507,0.3126433753742111,0.1686081718722976,0.66932195,0.1,0.8008615970611572,-0.4212797880172729,1.2221413850784302,19,18,10,14,2,1,3,0,0.0,0,0,0,0.0,2,2,1,0.5,1,3,0,0,0,0,0,0,2,3,0,1,0.6666666666666666,0.2764910806921068
SPORTS_MOLE,85,1,Germany free kick about 35 yards from goal as Nacho shoves Fullkrug over...,Free Kick,[Foul] Foul by Daniel Carvajal (Spain) on Niclas Füllkrug (Germany) at the edge of the box.,993,0.2695759331752657,0.2074934718436399,0.0324122805342937,0.5345126,0.0555555555555555,0.1061467975378036,-0.4380298852920532,0.5441766828298569,13,16,10,10,1,2,3,1,0.5,1,2,1,1.0,2,1,0,0.0,2,3,0,0,1,2,0,0,2,2,0,1,0.3333333333333333,0.2823274173186651
SPORTS_MOLE,86,1,"SAVE!  Kroos's delivery is perfectly-placed for Havertz, whose header into the ground is brilliantly saved by Simon, but the Arsenal attacker had fouled Laporte anyway.",Save,[Free Kick] Foul by Kai Havertz (Germany) on Aymeric Laporte (Spain) at the edge of the box.,994,0.2259002153372751,0.2366206115214012,0.1744615786015492,0.46132618,0.074074074074074,0.5238408446311951,-0.2824201285839081,0.8062609732151031,25,17,18,11,2,5,4,2,0.4,0,2,0,0.0,3,2,1,0.3333333333333333,5,4,0,0,0,2,0,0,4,2,1,0,0.23076923076923078,0.22687401804595017
SPORTS_MOLE,87,1,Another Germany corner as Carvajal heads a Havertz delivery behind...,Corner,[Foul] Foul by Serge Gnabry (Germany) on Unai Simón Mendibil (Spain). Free kick awarded in Spain's defensive half.,995,0.242774514118401,0.1268766294049789,0.0374290377281816,0.29320085,0.05,0.0036861896514892,-0.4058456420898437,0.409531831741333,10,18,8,15,1,3,4,0,0.0,1,2,1,1.0,1,2,0,0.0,3,4,0,0,1,3,0,1,1,3,0,1,0.17647058823529413,0.22951372884442853
SPORTS_MOLE,88,1,"Kroos plays it short to Kimmich and the ball is eventually worked out to Mittelstadt, whose 25-yarder hits Merino. Waste.",General,[Shot Blocked] Attempt blocked. Maximilian Mittelstädt's left-footed shot from the edge of the box denied by Mikel Merino. Open game continues with Germany pressing for an equal,996,0.356832779545682,0.1659659737998874,0.0576469276633336,0.40799293,0.032258064516129,-0.1725290268659591,-0.2430958300828933,0.0705668032169342,20,27,14,20,1,5,5,2,0.4,0,1,0,0.0,0,3,0,0.0,5,5,0,0,0,1,0,0,0,5,0,2,0.2,0.32546622379250567
SPORTS_MOLE,89,1,GOAL!  SPAIN 1-1 GERMANY (WIRTZ),Goal,"[Goal] Goal! Spain 1, Germany 0. Florian Wirtz finds the net with a right-footed shot from the centre of the box, assisted by Joshua Kimmich.",997,0.5425297234242028,0.4741252943919586,0.3389290069678884,0.8167802,0.2666666666666666,0.5586807131767273,0.3064237236976623,0.2522569894790649,5,25,4,16,4,0,3,0,0.0,2,2,2,1.0,1,3,1,1.0,0,3,0,0,2,2,0,0,1,4,0,1,1.0,0.634023776831098
SPORTS_MOLE,89,2,"GOAL!  Never count the Germans out! A Mittelstadt cross to the back post is nodded back into the danger area by Kimmich, and Wirtz sends a crisp half-volley into the ground, off the post and into the net. Nagelsmann's men are still alive!",Goal,"[Goal] Goal! Spain 1, Germany 0. Florian Wirtz finds the net with a right-footed shot from the centre of the box, assisted by Joshua Kimmich.",997,0.3578977592129994,0.3415544638818488,0.320034859648278,0.5965204,0.1081081081081081,0.8994960784912109,0.3064237236976623,0.5930723547935486,43,25,30,16,4,6,3,2,0.3333333333333333,0,2,0,0.0,3,3,1,0.3333333333333333,6,3,0,0,0,2,0,0,3,4,0,1,0.21428571428571427,0.32917534544971033
SPORTS_MOLE,90,1,Four minutes for either side to find a winner.,General,[General] Spain exhibiting complete control with 100% possession in midfield.,998,0.1860072128474712,0.0479339659214019,0.0,0.1438019,0.0,0.0934062153100967,0.4931792616844177,0.399773046374321,9,10,6,8,0,1,1,0,0.0,0,1,0,0.0,0,0,0,0.0,1,1,0,0,0,1,0,0,0,0,0,0,0.0,0.14880577072513582
SPORTS_MOLE,90+2,1,"Spain are huffing and puffing right at the death, but surely extra time is looming.",General,[Yellow Card] Nico Schlotterbeck (Germany) shown a yellow card for a foul on Toni Kroos.,1000,0.2397794090211391,0.0213694771130879,0.0,0.06410843,0.0,-0.3310295045375824,-0.226038709282875,0.1049907952547073,15,15,9,11,0,0,3,0,0.0,1,1,0,0.0,0,2,0,0.0,0,3,0,0,1,1,0,0,0,3,0,1,0.0,0.19182352694905852
SPORTS_MOLE,90+4,1,YELLOW CARD!  Apparently Germany sub Nico Schlotterbeck has just been booked.,Yellow Card,[Shot Missed] Attempt missed. Thomas Müller fires wide from the center of the box.,1002,0.1862428821623325,0.111636737982432,0.0,0.3349102,0.0,0.1841905862092971,-0.4057480990886688,0.589938685297966,11,14,9,10,0,2,3,0,0.0,1,0,0,0.0,1,2,0,0.0,2,3,0,0,1,0,0,0,1,2,0,0,0.0,0.14899430294040678
SPORTS_MOLE,90+4,2,FULL TIME:  SPAIN 1-1 GERMANY Extra time it is!,Full Time,[Shot Missed] Attempt missed. Thomas Müller fires wide from the center of the box.,1002,0.1709496919065714,0.0657163262367248,0.0,0.19714898,0.0,0.1076021119952201,-0.4057480990886688,0.513350211083889,9,14,6,10,0,1,3,0,0.0,2,0,0,0.0,0,2,0,0.0,1,3,0,0,2,0,0,0,0,2,0,0,0.0,0.1367597537832222
SPORTS_MOLE,91,1,"KICKOFF:  Here we go again! Spain restart. Change for Germany by the way, Havertz makes way for centre-back Waldemar Anton.",Kick Off + Substitution,[Substitution] Substitution for Germany. Waldemar Anton replaces Kai Havertz in a tactical change.,1005,0.4990872975747248,0.3773739949279971,0.2352620541627381,0.61908215,0.2777777777777778,0.1646983474493026,0.0289255529642105,0.1357727944850921,20,13,15,10,5,4,3,2,0.5,2,1,1,0.5,0,1,0,0.0,4,3,0,0,2,1,0,0,0,2,0,1,0.4090909090909091,0.48108801930926653
SPORTS_MOLE,91,2,"KICKOFF:  Here we go again! Spain restart. Change for Germany by the way, Havertz makes way for centre-back Waldemar Anton.",Kick Off + Substitution,[Kick Off] Extra Time First Half begins. Spain leads Germany 1-0 in the Quarter-finals.,1004,0.3996478898372413,0.2351359801883381,0.0885103376889869,0.53356427,0.0833333333333333,0.1646983474493026,0.0578819662332534,0.1068163812160492,20,14,15,12,2,4,3,0,0.0,2,2,2,1.0,0,0,0,0.0,4,3,0,0,2,2,0,0,0,0,0,0,0.2727272727272727,0.3742637665067087
SPORTS_MOLE,92,1,Nacho has to get across to prevent Wirtz's cross from reaching Muller. Germany corner.,Corner,"[General] Germany dominating midfield with 92.3% possession, Spain struggling to keep hold.",1006,0.3892608387260147,0.199352677893441,0.1244141910096703,0.4180883,0.0555555555555555,0.0313033834099769,0.0723180621862411,0.0410146787762641,14,12,10,9,1,3,1,0,0.0,1,2,1,1.0,2,0,0,0.0,3,1,0,0,1,2,0,0,3,0,1,0,0.15789473684210525,0.3429876209262134
SPORTS_MOLE,93,1,Kroos's delivery is claimed confidently by Simon.,Corner,"[Corner] Corner for Germany, delivered by Toni Kroos. Conceded by José Ignacio Fernández Iglesias.",1007,0.3025419168161257,0.1534938558918772,0.1571633311202599,0.23188967,0.0714285714285714,0.3167220056056976,0.0664081051945686,0.250313900411129,7,14,5,11,1,2,4,1,0.5,0,1,0,0.0,0,1,0,0.0,2,4,0,0,0,1,0,0,0,2,0,1,0.25,0.29203353442754043
SPORTS_MOLE,94,1,YELLOW CARD!  Wirtz and Cucurella tangle off the ball and the Germany man is booked for his part in the incident.,Yellow Card,[Yellow Card] Florian Wirtz (Germany) shown a yellow card for a foul on Marc Cucurella (Spain).,1008,0.5709828558175248,0.4478530996519304,0.2284063859744211,0.82103527,0.2941176470588235,-0.1316407471895218,-0.1912686228752136,0.0596278756856918,21,16,12,12,5,2,3,2,1.0,1,2,1,1.0,1,2,1,1.0,2,3,0,0,1,2,0,0,1,3,0,1,0.6923076923076923,0.595247823931049
SPORTS_MOLE,95,1,"Olmo's low ball into the box is intended for Oyarzabal, but it misses everyone and goes behind for a goal kick.",General,[Shot Blocked] Attempt blocked. Mikel Oyarzabal's left footed shot from the edge of the box denied by Antonio Rüdiger.,1009,0.3814866819998608,0.2312579325862707,0.0952278084941996,0.51158947,0.0869565217391304,-0.0841937661170959,-0.2520208358764648,0.1678270697593689,21,19,13,14,2,2,4,1,0.5,0,0,0,0.0,2,3,0,0.0,2,4,0,0,0,0,0,0,2,5,0,2,0.2,0.34518934609479224
SPORTS_MOLE,97,1,"SHOT!  Spain back on top now as Olmo tries his luck, but Rudiger and Kimmich get in the way.",Shot,[Shot Blocked] Attempt blocked. Daniel Olmo's right footed shot from the right side of the box denied by Joshua Kimmich.,1011,0.310494414716242,0.2518520345280943,0.1532904986795631,0.45940846,0.1428571428571428,0.3313417136669159,-0.1822367310523986,0.5135784447193146,19,20,12,15,3,3,4,2,0.6666666666666666,1,0,0,0.0,1,3,1,1.0,3,4,0,0,1,0,0,0,1,5,0,2,0.35294117647058826,0.3189837666575959
SPORTS_MOLE,98,1,Play is stopped as both Ruiz and Kroos feel the effects of a collision.,General,[Foul] Foul by Robert Andrich (Germany) on Fabián Ruiz Peña (Spain) in the defensive half.,1012,0.342049320877777,0.1720304162518005,0.0730035482201321,0.38426417,0.0588235294117647,-0.3023822903633117,-0.450276255607605,0.1478939652442932,14,15,8,11,1,3,3,0,0.0,0,2,0,0.0,0,1,0,0.0,3,3,0,0,0,2,0,0,0,2,0,1,0.16666666666666666,0.3069727898108541
SPORTS_MOLE,99,1,Both are fine but probably grateful for the slight delay.,General,[Foul] Foul by Julian Brandt (Germany) on José Ignacio Fernández Iglesias (Spain) in midfield.,1013,-0.0592183480039238,0.0091679481168588,0.0,0.027503844,0.0,0.7480066418647766,-0.5163705945014954,1.264377236366272,10,14,6,11,0,1,3,0,0.0,0,2,0,0.0,0,1,0,0.0,1,3,0,0,0,2,0,0,0,2,0,1,0.0,-0.0473746784732544
SPORTS_MOLE,100,1,YELLOW CARD!  Anthony Taylor's pen might be running out of ink. Carvajal pulls back Musiala and - despite his protestations - is the next into the book.,Yellow Card,[Yellow Card] Daniel Carvajal (Spain) shown a yellow card for a late challenge.,1014,0.4159561060499489,0.2942562426303942,0.1542220976386915,0.592183,0.1363636363636363,-0.0369052663445472,-0.2558495700359344,0.2189443036913871,27,13,17,10,3,3,2,1,0.3333333333333333,0,1,0,0.0,1,1,1,1.0,3,2,0,0,0,1,0,0,1,2,0,1,0.2857142857142857,0.38990774320504523
SPORTS_MOLE,101,1,"CHANCE!  From the resulting free kick, Germany work the ball down the left, but Simon's fists cut out Musiala's delivery. The hosts keep the ball alive, but Andrich's volley is wild.",Chance,[Shot Missed] Attempt missed. Robert Andrich's right footed shot from the edge of the box goes wide.,1015,0.2582013106714951,0.2301526346301062,0.2102399990764907,0.44795984,0.032258064516129,0.1927015334367752,-0.4649511277675628,0.6576526612043381,31,17,22,13,1,4,3,1,0.25,1,0,0,0.0,3,2,0,0.0,4,3,0,0,1,0,0,0,3,3,0,1,0.09523809523809523,0.2256086675252754
SPORTS_MOLE,102,1,SPAIN SUB Fabian Ruiz's race is run. Joselu - born in Stuttgart - comes on.,Substitution,[Substitution] Substitution for Spain. Fabián Ruiz Peña is replaced by José Luis Sanmartín Mato due to injury.,1016,0.3853636978717305,0.2322346355221878,0.1069122450656328,0.48979166,0.1,0.0395395122468471,-0.1157096028327941,0.1552491150796413,15,17,10,13,2,3,3,0,0.0,1,1,1,1.0,0,1,0,0.0,3,3,0,0,1,1,0,0,0,2,0,1,0.3333333333333333,0.37495762466386495
SPORTS_MOLE,104,1,"CLOSE!  Not too far away from Oyarzabal! The Sociedad man has Neuer beaten with a brilliant left-footed drive from range, but it flies just wide of the far post.",Close Call,[Shot Missed] Attempt missed. Mikel Oyarzabal's left footed shot from the left side of the box goes wide.,1018,0.1994152690977468,0.3024673397025285,0.2567921590541565,0.4967637,0.1538461538461538,0.6330716013908386,-0.4766693413257599,1.1097409427165985,29,18,20,14,4,4,3,1,0.25,0,0,0,0.0,0,2,0,0.0,4,3,0,0,0,0,0,0,0,3,0,1,0.125,0.18453221403674233
SPORTS_MOLE,105,1,One more minute to be played.,General,"[General] Germany dominating possession with 100% control in midfield, led by Mittelstädt.",1019,0.1799911074340343,0.0476041982571283,0.0,0.1428126,0.0,0.0978907346725463,0.5207388997077942,0.4228481650352478,6,12,4,9,0,1,2,0,0.0,0,1,0,0.0,0,0,0,0.0,1,2,0,0,0,1,0,0,0,0,0,0,0.0,0.14399288699295046
SPORTS_MOLE,105+1,1,"CLOSE!  Wirtz so nearly repeats his trick as he goes firs time from Muller's cutback, and it may have just grazed the post on its way behind.",Close Call,[Shot Missed] Attempt missed. Florian Wirtz's left footed shot from the centre of the box goes wide.,1020,0.2691409847526103,0.2543848304468194,0.1144562607559956,0.5653649,0.0833333333333333,0.2255479395389557,-0.4610426127910614,0.6865905523300171,27,17,15,13,2,2,3,1,0.5,0,0,0,0.0,0,2,0,0.0,2,3,0,0,0,0,0,0,0,3,0,1,0.25,0.26531278835186234
SPORTS_MOLE,105+1,2,HALF TIME IN EXTRA TIME:  SPAIN 1-1 GERMANY,Half Time Extra Time,[Shot Missed] Attempt missed. Florian Wirtz's left footed shot from the centre of the box goes wide.,1020,0.1669354932382702,0.0604259769121805,0.0,0.18127793,0.0,0.0524933449923992,-0.4610426127910614,0.5135359577834606,8,17,6,13,0,0,3,0,0.0,2,0,0,0.0,0,2,0,0.0,0,3,0,0,2,0,0,0,0,3,0,1,0.0,0.13354839444330788
SPORTS_MOLE,106,1,"KICKOFF:  Or 23 if you count Anthony Taylor. Anyway, we've started again.",Kick Off,[Kick Off] Extra Time Second Half begins. Spain leads Germany 1-0 in this Quarter-final clash.,1022,0.3240170544013381,0.1158890426158905,0.0,0.34766713,0.0,0.1106048226356506,0.0590059123933315,0.0515989102423191,12,15,7,13,0,3,3,0,0.0,0,2,0,0.0,0,0,0,0.0,3,3,0,0,0,2,0,0,0,0,0,0,0.0,0.2592136439515362
SPORTS_MOLE,106,2,"Germany are up in arms as Musiala's strike is blocked by the hand of Cucurella, but his arm was down by his side. No penalty.",Penalty Appeal,[Kick Off] Extra Time Second Half begins. Spain leads Germany 1-0 in this Quarter-final clash.,1022,0.2525851657822762,0.1475055809100514,0.051104176192712,0.3479343,0.0434782608695652,-0.3731701672077179,0.0590059123933315,0.4321760796010494,25,15,11,13,1,3,3,0,0.0,1,2,1,1.0,3,0,0,0.0,3,3,0,0,1,2,0,0,3,0,0,0,0.15789473684210525,0.2336470788606666
SPORTS_MOLE,108,1,"Olmo skips away from Andrich and feeds Merino, whose cross is turned behind by the rock Rudiger for a Spain corner.",Corner,"[Corner] Corner for Spain, delivered by Ferrán Torres García. Conceded by Antonio Rüdiger.",1024,0.4078466948069185,0.2254986030289928,0.2059947679584565,0.37526295,0.0952380952380952,0.0938106775283813,0.0487016476690769,0.0451090298593044,21,13,14,10,2,4,4,1,0.25,1,1,1,1.0,2,1,1,0.5,4,4,0,0,1,1,0,0,2,2,0,1,0.30434782608695654,0.3871469218848408
SPORTS_MOLE,109,1,"SHOT!  It comes to nothing and Germany charge down the other end through Wirtz, who lays off Fullkrug, but he's off balance and skews his effort wide.",Shot,[Shot Missed] Attempt missed. Niclas Füllkrug's left-footed shot from the centre of the box goes off target.,1025,0.3271889658777054,0.2041808975415939,0.1297177965616585,0.41139632,0.0714285714285714,-0.1460902839899063,-0.4498771131038666,0.3037868291139602,27,17,19,14,2,3,3,1,0.3333333333333333,1,0,0,0.0,2,2,1,0.5,3,3,0,0,1,0,0,0,2,3,0,1,0.23529411764705882,0.3088099953046657
SPORTS_MOLE,110,1,"YELLOW CARD!  Rodri now in the book for trying to rip Muller's shirt from his body. Maybe a bit exaggerated, but you get the idea.",Yellow Card,[Yellow Card] Rodrigo Hernández (Spain) shown a yellow card for a foul on Thomas Müller (Germany).,1026,0.3611198071514194,0.292007779594875,0.1388391511443106,0.65022767,0.0869565217391304,-0.5684154033660889,-0.1368712931871414,0.4315441101789474,25,16,15,12,2,3,3,1,0.3333333333333333,0,2,0,0.0,1,2,1,1.0,3,3,0,0,0,2,0,0,1,3,0,1,0.42857142857142855,0.3746101322551844
SPORTS_MOLE,111,1,Cucurella writhing in apparent agony after a Kimmich barge. The German man is totally unfazed.,General,[Free Kick] Free kick awarded to Spain after a foul on Unai Simón in the defensive half.,1027,0.2421805232545859,0.1249345861085423,0.0997459626818205,0.2250578,0.05,-0.3767745494842529,0.0293071158230304,0.4060816653072834,15,17,11,12,1,3,3,0,0.0,0,1,0,0.0,0,2,0,0.0,3,3,0,0,0,1,0,0,0,3,0,1,0.0,0.19374441947490742
SPORTS_MOLE,112,1,SHOT!  Oyarzabal curls a delicate 20-yard shot wide but Kroos had already gone down for a free kick.,Shot,[Shot Missed] Attempt missed. Mikel Oyarzabal's left footed shot from the edge of the box goes wide.,1028,0.343128151509356,0.3011718755804056,0.169442321611212,0.5840733,0.15,0.0363614484667778,-0.4946415722370147,0.5310030207037926,18,17,13,13,3,2,3,1,0.5,0,0,0,0.0,2,2,1,0.5,2,3,0,0,0,0,0,0,3,3,1,1,0.3333333333333333,0.34116918684815056
SPORTS_MOLE,114,1,"YELLOW CARD!  Kroos is back on and Deniz Undav has been booked on the bench, presumably for dissent.",Yellow Card,"[General] Spain dominating possession with 75%, controlling play in their defensive third.",1030,0.1814808547496795,0.0600027243296305,0.0,0.18000817,0.0,-0.0834500789642334,0.3706346750259399,0.4540847539901733,18,12,10,8,0,2,1,0,0.0,0,1,0,0.0,1,0,0,0.0,2,1,0,0,0,1,0,0,1,0,0,0,0.0,0.14518468320196534
SPORTS_MOLE,114,2,Kroos is still down receiving treatment - might Germany have to see this one out with 10 men?,General,"[General] Spain dominating possession with 75%, controlling play in their defensive third.",1030,0.1127960388056641,0.0564667190700379,0.0367340611188434,0.1326661,0.0,-0.3475813269615173,0.3706346750259399,0.7182160019874573,18,12,10,8,0,1,1,0,0.0,1,1,0,0.0,0,0,0,0.0,1,1,0,0,1,1,0,0,0,0,0,0,0.0,0.09023683182627722
SPORTS_MOLE,116,1,This has been a forgettable extra-time period. Nacho now rolling around on the turf - not sure why.,General,"[Injury] José Ignacio Fernández Iglesias (Spain) down with an injury, play halted.",1032,0.2758244723081589,0.0862087408701578,0.0,0.25862622,0.0,-0.7763371467590332,-0.6210088133811951,0.1553283333778381,18,12,12,10,0,1,2,0,0.0,0,1,0,0.0,0,0,0,0.0,1,2,0,0,0,1,0,0,0,0,0,0,0.0,0.22065957732443237
SPORTS_MOLE,116,2,This has been a forgettable extra-time period. Nacho now rolling around on the turf - not sure why.,General,"[Injury] Manuel Neuer (Germany) down with an injury, play halted for treatment.",1033,0.2528220117092132,0.0504009326299031,0.0,0.1512028,0.0,-0.7763371467590332,-0.6364223957061768,0.1399147510528564,18,12,12,9,0,1,2,0,0.0,0,1,0,0.0,0,0,0,0.0,1,2,0,0,0,1,0,0,0,0,0,0,0.0,0.20225760978942872
SPORTS_MOLE,117,1,"Oh dear. A very innocuous nudge from Wirtz sparked that reaction from Nacho. Surprise surprise, he's fine.",General,[Shot Saved] Attempt saved. Niclas Füllkrug's header from the centre of the box denied by Unai Simón.,1034,0.2281876718437268,0.0809622630226074,0.0526634677491957,0.19022332,0.0,0.311145931482315,-0.0189901702105999,0.3301361016929149,17,17,11,12,0,4,4,0,0.0,0,0,0,0.0,0,4,0,0.0,4,4,0,0,0,0,0,0,0,5,0,1,0.0,0.18255013721125615
SPORTS_MOLE,117,2,"SAVE!  Terrific save from Simon! Fullkrug bravely dives across Nacho's body for a diving header, but Simon springs to his right to deny the Dortmund man what would surely have been the winner.",Save,[Shot Saved] Attempt saved. Niclas Füllkrug's header from the centre of the box denied by Unai Simón.,1034,0.1843690417858743,0.2145585246586513,0.117517557672464,0.49167526,0.0344827586206896,0.8872092366218567,-0.0189901702105999,0.9061994068324566,33,17,21,12,1,5,4,2,0.4,0,0,0,0.0,3,4,2,0.6666666666666666,5,4,0,0,0,0,0,0,4,5,1,1,0.3076923076923077,0.20903369543060096
SPORTS_MOLE,119,1,GOAL!  SPAIN 2-1 GERMANY (MERINO) WHAT WAS THAT ABOUT PENALTIES?!,Goal,"[Goal] Goal! Spain 2, Germany 0. Mikel Merino heads in from the center of the box, assisted by Daniel Olmo.",1036,0.5487198979806212,0.4125290315881447,0.2217732502198873,0.73009956,0.2857142857142857,0.3774496614933014,0.3347421586513519,0.0427075028419494,10,20,7,12,4,0,3,0,0.0,2,2,2,1.0,1,2,1,1.0,0,3,0,0,2,2,0,0,1,3,0,1,1.0,0.6389759186184447
SPORTS_MOLE,119,2,"GOAL!  Mikel Merino - the most unlikely hero - has surely just scored the goal that will send Germany out of the European Championships! The Sociedad midfielder is free to meet Olmo's cross, which he does with a majestic leap, and his header leaves Neuer rooted to the spot.",Goal,"[Goal] Goal! Spain 2, Germany 0. Mikel Merino heads in from the center of the box, assisted by Daniel Olmo.",1036,0.3964039047103427,0.3864945020333002,0.3340468754301387,0.6783778,0.1470588235294117,0.9086100459098816,0.3347421586513519,0.5738678872585297,49,20,29,12,5,5,3,2,0.4,1,2,1,1.0,3,2,1,0.3333333333333333,5,3,0,0,1,2,0,0,4,3,1,1,0.3793103448275862,0.3929851913057214
SPORTS_MOLE,119,3,Counting down to the lottery of penalties now.,General,"[Goal] Goal! Spain 2, Germany 0. Mikel Merino heads in from the center of the box, assisted by Daniel Olmo.",1036,0.2739812765608873,0.1402218883687451,0.1297718123955114,0.29089385,0.0,0.0100015997886657,0.3347421586513519,0.3247405588626861,8,20,5,12,0,1,3,0,0.0,0,2,0,0.0,0,2,0,0.0,1,3,0,0,0,2,0,0,0,3,0,1,0.0,0.21918502070656504
SPORTS_MOLE,120+2,1,Germany have been given three minutes of injury time in extra time to conjure up another magic moment. Two have already been played. Spain defending for their lives.,General,"[Shots] End-to-end action! Kimmich's effort blocked, then Ferrán Torres shoots wide from close range.",1038,0.1652637137503604,0.0921319443028742,0.0209026092414778,0.25549322,0.0,0.3498056828975677,-0.265535295009613,0.6153409779071808,28,14,18,14,0,1,3,0,0.0,2,0,0,0.0,0,3,0,0.0,1,3,0,0,2,0,0,0,0,3,0,0,0.0,0.1322109702668594
SPORTS_MOLE,120+3,1,"CLOSE!  And that might be that! Germany are patient, and a cross finds the head of Fullkrug - the man you want in that situation - but he heads wide!",Close Call,[Shot Missed] Attempt missed. Niclas Füllkrug heads it over from the center of the box.,1039,0.1614921756580999,0.1629098942538806,0.1300063820662226,0.3087233,0.05,0.4532524943351745,-0.3895084857940674,0.8427609801292419,30,15,12,10,1,2,3,1,0.5,1,0,0,0.0,1,2,0,0.0,2,3,0,0,1,0,0,0,1,2,0,0,0.15384615384615385,0.1599629711566269
